#pragma once

// TR-909 Ride 6-bit PCM packed 4:3 from HN61256P C44 / 27C256.
// Source ROM CRC32=01a9b435 SHA1=daa54c58c7e3ae3398f125568537ec82d5bd1dfd
// MAME: hn61256p__c44.ic54  9090: 909ride.hex
// Each sample is unsigned offset-binary in bits 7:2 of the original byte.

#include <stdint.h>

static const uint32_t kRide909PcmLength = 32768u;
// ROM clock at Tune pot mid (calibrated to MARS mid reference, not the
// shared HH 30 kHz nominal).
static constexpr float kRide909RomClockHz = 35000.f;
static const uint32_t kRide909PcmPackedSize = 24577u;

static const uint8_t kRide909PcmPacked[] = {
  0xa0, 0x58, 0x4e, 0xed, 0x9d, 0xc0, 0x21, 0xe9, 0x79, 0x5b, 0xb9, 0xd5, 0x08, 0x64, 0xb7, 0xcc,
  0xa2, 0xc0, 0x68, 0xc8, 0x4d, 0x1e, 0x0c, 0x76, 0x4c, 0x5a, 0x41, 0x6f, 0xfb, 0x39, 0x94, 0x5d,
  0x4f, 0x8b, 0x07, 0x8a, 0x1c, 0x09, 0x86, 0x2a, 0xf7, 0x9a, 0x61, 0x2b, 0x21, 0x21, 0x6f, 0x2d,
  0x6e, 0xdb, 0x69, 0x92, 0xe6, 0x95, 0x12, 0x67, 0x9a, 0x4f, 0xde, 0x29, 0xed, 0xbb, 0x8d, 0x10,
  0x56, 0xbe, 0x0b, 0xa4, 0xbb, 0x5c, 0x67, 0x41, 0xab, 0x88, 0x81, 0x34, 0xaa, 0x52, 0x9e, 0xa8,
  0x81, 0x66, 0xb4, 0x47, 0x99, 0xa6, 0xb6, 0x11, 0x33, 0x6f, 0xdf, 0x99, 0x5c, 0xe2, 0xae, 0x32,
  0x18, 0x9a, 0x9d, 0x4c, 0x56, 0x6e, 0xa7, 0x4d, 0x8a, 0x55, 0x85, 0x3e, 0x1e, 0x57, 0xc6, 0x1e,
  0x92, 0x5a, 0x95, 0x05, 0x77, 0x49, 0x4a, 0x57, 0x97, 0x76, 0x9a, 0x2e, 0x06, 0x92, 0x6a, 0xa6,
  0x78, 0x75, 0xeb, 0x81, 0x9e, 0xe8, 0x69, 0x23, 0x47, 0xda, 0x5c, 0x79, 0x65, 0x63, 0x27, 0x41,
  0xb6, 0x1a, 0x3d, 0xe4, 0x7c, 0x6d, 0x28, 0x26, 0xa7, 0xda, 0x74, 0xa6, 0x69, 0xa3, 0xd6, 0x5e,
  0x8a, 0x3d, 0x15, 0xed, 0x59, 0xee, 0xf7, 0x61, 0x22, 0x67, 0x75, 0x65, 0xc5, 0x92, 0x8f, 0x37,
  0x7a, 0x64, 0x85, 0x8d, 0xe9, 0xd8, 0x59, 0x28, 0xd9, 0xcd, 0x18, 0x5a, 0x1a, 0xa6, 0xc9, 0x66,
  0x89, 0xed, 0x62, 0x1a, 0xe7, 0x6d, 0x8b, 0x3b, 0x7e, 0x16, 0x29, 0xa6, 0x8c, 0xd7, 0x76, 0x57,
  0xa9, 0x99, 0xd2, 0x78, 0x5e, 0x20, 0x3c, 0x55, 0x31, 0xc6, 0x69, 0x22, 0xbc, 0x52, 0x17, 0x4a,
  0x5a, 0xec, 0xa5, 0xb5, 0xaa, 0xd5, 0xbc, 0xda, 0xe7, 0x2e, 0xdd, 0xd9, 0xa1, 0xa1, 0x17, 0x8d,
  0xec, 0x39, 0x5d, 0x97, 0x8b, 0x3e, 0x5b, 0x7b, 0x95, 0x9a, 0xf7, 0x56, 0xcd, 0x0b, 0x87, 0x96,
  0x27, 0x8a, 0xeb, 0x16, 0xb1, 0xa8, 0xd7, 0x61, 0xe1, 0xd9, 0x71, 0x9f, 0x47, 0xd1, 0xdd, 0x93,
  0xae, 0x57, 0x68, 0x82, 0x14, 0xa5, 0xae, 0x8a, 0x86, 0x9a, 0x5f, 0x25, 0x75, 0x2f, 0xb9, 0x90,
  0x66, 0x97, 0xb1, 0x27, 0xb6, 0x4e, 0x21, 0xfc, 0x79, 0x50, 0x6c, 0x81, 0x62, 0xa8, 0x61, 0xb3,
  0xb8, 0x79, 0x16, 0x6b, 0x6a, 0xa9, 0xf6, 0xa0, 0x67, 0x95, 0x5a, 0x94, 0xcb, 0x3d, 0x2d, 0x85,
  0x7d, 0xa2, 0x36, 0x8a, 0xdf, 0x18, 0x6a, 0xb0, 0xd9, 0x49, 0x67, 0xea, 0x55, 0xe7, 0xda, 0x89,
  0x9b, 0x5b, 0x4d, 0x72, 0xe8, 0xcd, 0x52, 0x77, 0x96, 0x28, 0xb6, 0x79, 0xa6, 0x96, 0x99, 0xcc,
  0x67, 0x3e, 0x17, 0x38, 0x71, 0xae, 0x34, 0xad, 0x64, 0x07, 0xba, 0x60, 0xb5, 0x5a, 0x1a, 0x88,
  0x6e, 0x30, 0xb9, 0x79, 0xe3, 0x48, 0x4a, 0x66, 0xab, 0x95, 0x71, 0x97, 0x75, 0xe5, 0x1a, 0x52,
  0x9f, 0x95, 0x8d, 0x63, 0xc3, 0xcc, 0xa6, 0x84, 0x9d, 0x20, 0xa5, 0x85, 0x5f, 0x88, 0x96, 0x96,
  0x49, 0x85, 0x28, 0x34, 0x9a, 0xe4, 0x15, 0x6a, 0xa3, 0x88, 0xb9, 0x62, 0x47, 0x6a, 0x2b, 0x65,
  0x9a, 0x0b, 0x3d, 0x56, 0xa4, 0xa6, 0x99, 0xde, 0x27, 0x8a, 0xa9, 0x76, 0x7d, 0xe8, 0xe6, 0x65,
  0xee, 0xe2, 0xd9, 0x9a, 0x67, 0x85, 0xae, 0x14, 0xb6, 0x1a, 0x55, 0x73, 0x97, 0xf6, 0x8e, 0x92,
  0x7d, 0x59, 0x59, 0xc7, 0x9a, 0xd2, 0x86, 0x96, 0x8c, 0xfa, 0x69, 0x9a, 0xa6, 0x71, 0xb0, 0xf4,
  0x80, 0x2a, 0x24, 0xb2, 0xd4, 0xf3, 0x86, 0x5f, 0x44, 0x76, 0x67, 0x96, 0xaa, 0x5b, 0x76, 0xbd,
  0xf0, 0xc3, 0x6d, 0xf3, 0xf9, 0x81, 0x4f, 0xba, 0x8a, 0xda, 0xb8, 0x81, 0x67, 0x48, 0x6d, 0x28,
  0x0a, 0x5e, 0xa0, 0x9b, 0x31, 0x67, 0xea, 0xa5, 0x13, 0xc7, 0x36, 0x2f, 0x97, 0x8c, 0x2c, 0x29,
  0x89, 0xe9, 0x15, 0xbd, 0x98, 0x37, 0x53, 0xd4, 0x88, 0xaa, 0xc9, 0x98, 0x56, 0x31, 0x97, 0x81,
  0x92, 0x0a, 0x53, 0x22, 0xe8, 0x7a, 0x61, 0xe4, 0x76, 0xd7, 0xcb, 0x56, 0x1c, 0xea, 0x51, 0x2f,
  0xd5, 0xc9, 0xa2, 0x95, 0x89, 0x65, 0xdb, 0x64, 0x72, 0xb7, 0x7d, 0xe7, 0x74, 0xc9, 0xdf, 0xa6,
  0xa9, 0x58, 0xf5, 0x6d, 0x61, 0x27, 0x82, 0x65, 0x1a, 0x4d, 0x25, 0xa9, 0xa1, 0xd3, 0x57, 0x67,
  0xd2, 0xc7, 0x95, 0x2d, 0x27, 0x66, 0x5a, 0x1c, 0x59, 0xe7, 0x08, 0x8f, 0x58, 0x87, 0xa9, 0xd9,
  0x38, 0x3b, 0x27, 0x9c, 0x81, 0xd4, 0x45, 0xaa, 0x67, 0xc3, 0xbd, 0xa0, 0x63, 0x7e, 0x4f, 0xdb,
  0xaa, 0x93, 0xb4, 0x6a, 0xa5, 0xe9, 0x7d, 0xa2, 0xda, 0x5d, 0x12, 0x77, 0x82, 0x2f, 0xb6, 0xb5,
  0x69, 0xf5, 0x98, 0x34, 0xe8, 0x99, 0x62, 0x74, 0x81, 0x37, 0x44, 0xb9, 0xdd, 0x17, 0x2a, 0x59,
  0xbb, 0x99, 0xed, 0xa6, 0x89, 0x2b, 0xa7, 0x7d, 0x1f, 0x2b, 0x66, 0x63, 0xe8, 0x9c, 0xe9, 0xa6,
  0x82, 0x1d, 0x7a, 0x61, 0x9c, 0x49, 0x76, 0x2f, 0x59, 0xa1, 0x1a, 0x44, 0x66, 0xae, 0x49, 0x81,
  0xa2, 0x05, 0xa1, 0x26, 0x95, 0xc2, 0x11, 0xf3, 0xa2, 0x94, 0xc7, 0xaa, 0x18, 0x68, 0x4e, 0xdf,
  0x96, 0xd5, 0x17, 0x7a, 0x42, 0xdc, 0x48, 0x6a, 0xdb, 0xec, 0x71, 0xb0, 0x57, 0xa9, 0x99, 0x26,
  0xa6, 0x23, 0x45, 0x82, 0x0e, 0x9a, 0x96, 0x1a, 0xc9, 0x5d, 0x1d, 0x67, 0x81, 0x26, 0x2a, 0x9e,
  0x1b, 0xa5, 0x81, 0xa2, 0x46, 0xb6, 0x98, 0xf6, 0xa1, 0xd9, 0xd7, 0x6a, 0x22, 0xd8, 0xb1, 0xc9,
  0x68, 0x4b, 0xe1, 0x9c, 0x61, 0xda, 0xd8, 0x65, 0x69, 0x84, 0xdd, 0x29, 0xa3, 0x71, 0x61, 0xf8,
  0xb5, 0x11, 0xf8, 0x52, 0x20, 0xf4, 0xa5, 0xe7, 0x66, 0x5e, 0x22, 0xe8, 0xd0, 0x62, 0xd4, 0x72,
  0x1f, 0xa8, 0x89, 0xa6, 0x07, 0x8a, 0xed, 0xc3, 0x99, 0x11, 0xc7, 0x9a, 0x17, 0x97, 0x36, 0x63,
  0x1b, 0x42, 0x57, 0x8a, 0x62, 0xd9, 0x59, 0x6d, 0xf6, 0xf7, 0x84, 0x23, 0x66, 0xd2, 0x88, 0x13,
  0xd3, 0xa0, 0x18, 0x7d, 0xa7, 0x55, 0x6b, 0x55, 0x7b, 0xad, 0x1f, 0xc4, 0x5a, 0x5f, 0xab, 0x3d,
  0x27, 0xca, 0x4d, 0x64, 0x0a, 0xa2, 0xa0, 0x43, 0x9a, 0x5b, 0x79, 0x82, 0x5c, 0xe6, 0x91, 0x16,
  0x2a, 0x65, 0x70, 0xa9, 0x31, 0x9d, 0x1c, 0x86, 0x59, 0x68, 0xa2, 0x63, 0x73, 0xcd, 0x20, 0xd7,
  0x79, 0x25, 0x45, 0x66, 0x9c, 0x37, 0xaa, 0xd4, 0x26, 0x63, 0x0d, 0x3d, 0x4a, 0xe4, 0xdb, 0x7d,
  0x9f, 0x74, 0xc9, 0x9b, 0xb5, 0x9a, 0xd5, 0xd8, 0x75, 0xa3, 0xf7, 0xb6, 0xdc, 0x14, 0xba, 0x1e,
  0x17, 0x5f, 0x5a, 0x58, 0x66, 0xd9, 0xb6, 0x4a, 0x1b, 0x0b, 0x6a, 0xdb, 0xa8, 0x61, 0xed, 0x05,
  0xbe, 0x5e, 0x25, 0x7a, 0xe6, 0xf7, 0x9c, 0x15, 0x49, 0x3b, 0xd1, 0xea, 0x5a, 0xa2, 0x78, 0x56,
  0xe8, 0x67, 0xbd, 0x57, 0xda, 0x42, 0xec, 0xc3, 0x89, 0x93, 0xda, 0x6d, 0x24, 0x67, 0x8e, 0x98,
  0xfa, 0x45, 0x6b, 0xab, 0x59, 0xa1, 0xca, 0x59, 0x71, 0x1a, 0x5d, 0x17, 0xaa, 0x86, 0x52, 0x05,
  0xbb, 0x54, 0x95, 0x9a, 0x95, 0x16, 0x9e, 0x18, 0xa9, 0x8d, 0xaa, 0x16, 0x41, 0xaf, 0xdb, 0x69,
  0x8c, 0xdb, 0x5a, 0xaa, 0x16, 0xb6, 0xd2, 0xa7, 0x6e, 0xe0, 0x78, 0xd9, 0xe2, 0x34, 0x6a, 0xa4,
  0x99, 0x71, 0x20, 0xdb, 0x4d, 0x76, 0x88, 0xb8, 0x9a, 0xc8, 0x2a, 0x1b, 0x6b, 0x6e, 0x10, 0x3d,
  0x65, 0xef, 0xf5, 0xb1, 0xd4, 0xf5, 0x89, 0xea, 0x56, 0x95, 0xe2, 0xb8, 0x7c, 0x74, 0x78, 0x61,
  0x27, 0x29, 0x7a, 0x56, 0xea, 0x6e, 0xde, 0x07, 0x9a, 0x26, 0x65, 0x5e, 0x64, 0x09, 0xd9, 0xdd,
  0xa6, 0x3a, 0xb2, 0xc9, 0xa8, 0x65, 0xb8, 0x75, 0x22, 0xf7, 0xc0, 0x62, 0x26, 0x6a, 0xe4, 0x54,
  0xbd, 0x99, 0xd8, 0x3e, 0x20, 0x7b, 0x71, 0x67, 0xc8, 0x85, 0xae, 0xc4, 0x81, 0xdb, 0x47, 0x76,
  0x68, 0xd7, 0x85, 0xdf, 0x88, 0x69, 0x21, 0xea, 0x4a, 0xd0, 0x6b, 0x72, 0x97, 0x27, 0xa2, 0x2a,
  0x66, 0x95, 0x58, 0xb7, 0x92, 0x66, 0xdc, 0x6c, 0xb5, 0x34, 0x89, 0x33, 0xda, 0x85, 0x57, 0x95,
  0x33, 0x96, 0x6d, 0x66, 0x9b, 0xb6, 0x3e, 0x9f, 0x58, 0xae, 0x15, 0x74, 0xae, 0x17, 0x24, 0x9a,
  0x23, 0x5b, 0x4d, 0x5e, 0x68, 0x7d, 0x1d, 0xda, 0x7e, 0x93, 0x47, 0x3e, 0x53, 0xec, 0x95, 0x2b,
  0x04, 0xaa, 0x9e, 0xe2, 0xe2, 0x16, 0xf7, 0x65, 0xb6, 0x85, 0x95, 0xec, 0x48, 0x3f, 0xd2, 0x07,
  0x7e, 0x5a, 0xcc, 0x52, 0xea, 0xd7, 0x65, 0x92, 0x9a, 0x86, 0x9e, 0xf9, 0x88, 0x61, 0xe8, 0x6d,
  0x5d, 0xe6, 0xcd, 0x90, 0x66, 0x81, 0xb4, 0x78, 0xb9, 0x1c, 0x17, 0x4d, 0x2a, 0xd7, 0xa6, 0x1e,
  0x67, 0x4d, 0x1d, 0x66, 0x96, 0xde, 0x46, 0x53, 0x52, 0x8a, 0x6e, 0x69, 0x08, 0x7e, 0x60, 0x24,
  0x86, 0x6c, 0x16, 0xe2, 0x19, 0x33, 0x95, 0x65, 0x8a, 0x82, 0x5c, 0x3a, 0x82, 0xa9, 0x21, 0xe6,
  0x0f, 0x78, 0x3f, 0x10, 0x88, 0x5e, 0xe3, 0x38, 0xb9, 0x64, 0x63, 0x91, 0x62, 0x7a, 0x46, 0xab,
  0xca, 0x30, 0x20, 0x1a, 0x67, 0xd1, 0xea, 0x46, 0x13, 0xc8, 0x9d, 0xe0, 0xc8, 0x4e, 0x9b, 0xc5,
  0xb9, 0xa8, 0x09, 0x65, 0x2b, 0xd6, 0x99, 0x4d, 0x28, 0xa3, 0xa1, 0x33, 0x8a, 0x58, 0x4c, 0x75,
  0x33, 0xf8, 0xa5, 0x0c, 0x2a, 0x5a, 0xb3, 0xa9, 0x99, 0x59, 0x96, 0x9d, 0x6e, 0xd4, 0xd1, 0xe0,
  0x27, 0x75, 0xaa, 0xe4, 0x7a, 0x1f, 0x4b, 0x49, 0x93, 0xaa, 0x62, 0xea, 0x28, 0x89, 0xa1, 0x35,
  0x8a, 0x60, 0x68, 0xb1, 0xdc, 0x33, 0xb6, 0x5f, 0x35, 0x66, 0x98, 0xdc, 0x41, 0xa8, 0x98, 0xbc,
  0xb5, 0x98, 0x90, 0xac, 0x57, 0x79, 0xe4, 0x6c, 0x51, 0xad, 0x18, 0x6e, 0xd6, 0x6a, 0xaa, 0x95,
  0xd3, 0xa6, 0x17, 0xa8, 0x76, 0x63, 0x7a, 0x45, 0xf9, 0x68, 0x80, 0x39, 0x68, 0x4d, 0x99, 0x0c,
  0x66, 0x22, 0x76, 0x9a, 0x60, 0x94, 0xd9, 0x20, 0x42, 0x97, 0xc9, 0x79, 0x66, 0xa2, 0xf9, 0x84,
  0xe2, 0xb5, 0xa5, 0x9a, 0xa7, 0xad, 0x57, 0xb8, 0x8a, 0x21, 0xb7, 0x6d, 0x66, 0x98, 0x66, 0xdb,
  0xb8, 0xa1, 0xa4, 0x65, 0xae, 0x99, 0xa3, 0xb6, 0x1e, 0x18, 0xa6, 0xee, 0x15, 0xad, 0xef, 0x85,
  0x99, 0x5f, 0x36, 0x8e, 0x95, 0x88, 0x72, 0x5a, 0x8a, 0x6d, 0x61, 0x19, 0x7e, 0x20, 0x6a, 0x65,
  0xe5, 0x39, 0x69, 0x23, 0x98, 0x75, 0xda, 0x16, 0x8e, 0x62, 0xe7, 0x89, 0x62, 0xe8, 0x99, 0xdd,
  0x27, 0x56, 0xaa, 0x3a, 0x52, 0x8e, 0x59, 0x53, 0x15, 0x8c, 0x75, 0x6d, 0xc6, 0xa5, 0x63, 0xd6,
  0x9e, 0x93, 0x08, 0x62, 0xe2, 0x8c, 0x41, 0xe0, 0x8a, 0x51, 0x57, 0xea, 0x7a, 0x92, 0xf7, 0x86,
  0x57, 0x58, 0x96, 0xa0, 0x24, 0xa6, 0x62, 0xf6, 0x99, 0x65, 0xf5, 0x8d, 0x52, 0xfb, 0x41, 0x2e,
  0x1a, 0x7e, 0xdc, 0x68, 0x95, 0xa8, 0xb5, 0xa5, 0x97, 0xf7, 0x6e, 0x9a, 0x07, 0xa6, 0x8f, 0x77,
  0x6e, 0xe4, 0xb6, 0x99, 0xe3, 0x78, 0x81, 0x67, 0x95, 0x85, 0x1e, 0x2c, 0x46, 0x9e, 0x28, 0x8a,
  0x5f, 0x79, 0x9d, 0xe2, 0xc5, 0x96, 0x10, 0x7a, 0x56, 0x25, 0x5a, 0x69, 0x62, 0x5b, 0x66, 0xa4,
  0x55, 0x8a, 0x25, 0xe9, 0x68, 0xb1, 0x89, 0x6d, 0x29, 0x67, 0x9d, 0xdb, 0x77, 0x72, 0x19, 0x0c,
  0x4e, 0x5f, 0x59, 0x92, 0x5a, 0x66, 0x8e, 0x19, 0xf6, 0x8d, 0x2a, 0xd7, 0x88, 0x6c, 0x44, 0xb1,
  0x6d, 0xe4, 0xb9, 0x55, 0xd8, 0x35, 0x28, 0xfa, 0x65, 0x22, 0x46, 0x9e, 0x9c, 0xf3, 0x96, 0x13,
  0x8b, 0x75, 0xb0, 0xa5, 0xbe, 0xd9, 0x74, 0xb2, 0x21, 0xa6, 0x8d, 0x22, 0xa9, 0x8a, 0x16, 0x0a,
  0x56, 0x9b, 0x5b, 0x72, 0xa9, 0x86, 0xbd, 0x1f, 0xb4, 0xc5, 0x5d, 0x83, 0x8e, 0x19, 0xc5, 0x9d,
  0xa3, 0xe8, 0x41, 0xdc, 0x98, 0x7a, 0x53, 0xe8, 0x82, 0xdc, 0xd3, 0x5d, 0x23, 0xbb, 0x69, 0x28,
  0x47, 0xc5, 0x23, 0xf5, 0x89, 0x26, 0x18, 0x9e, 0x12, 0x67, 0xc2, 0x22, 0xe5, 0xc5, 0x9a, 0x14,
  0xa2, 0x64, 0xcb, 0x7d, 0x27, 0xba, 0x55, 0x22, 0x79, 0x8e, 0x9e, 0x76, 0x4e, 0x0e, 0x89, 0x6e,
  0xac, 0x96, 0x7d, 0x25, 0xc6, 0x75, 0xb1, 0x1a, 0x55, 0xed, 0x96, 0x95, 0x23, 0xa6, 0x6a, 0x91,
  0xb9, 0x61, 0xde, 0xa7, 0x9a, 0x92, 0x3c, 0x46, 0x1b, 0xb9, 0x85, 0x9f, 0x38, 0xa2, 0x18, 0xc4,
  0x99, 0xe0, 0x49, 0x7d, 0xb3, 0xc7, 0x8c, 0x37, 0xf8, 0x79, 0x5d, 0x3e, 0x16, 0x9a, 0x9b, 0x8e,
  0x64, 0xe4, 0x66, 0xd1, 0x75, 0xce, 0x17, 0xd5, 0xb2, 0xde, 0x55, 0x95, 0x2b, 0x57, 0x4e, 0x99,
  0xec, 0x39, 0xa2, 0xc9, 0x81, 0x1d, 0x48, 0x91, 0xe2, 0x34, 0xa6, 0xe7, 0x49, 0x85, 0x26, 0x74,
  0x9d, 0x1c, 0x98, 0x92, 0xd5, 0x76, 0x56, 0xd1, 0x8a, 0x7e, 0xe8, 0x65, 0x89, 0x70, 0x39, 0x81,
  0x2e, 0xe9, 0x65, 0xd2, 0xc9, 0x66, 0xe0, 0x29, 0x6a, 0xda, 0x06, 0xa2, 0xdc, 0xd7, 0x86, 0x1a,
  0x5a, 0x59, 0x6e, 0x69, 0x79, 0xac, 0x48, 0x99, 0x1d, 0x26, 0x8e, 0x23, 0x16, 0xa6, 0x16, 0xa6,
  0x8a, 0x96, 0x1a, 0x3f, 0x51, 0x2a, 0x36, 0xe7, 0xf9, 0x7d, 0x9d, 0xc9, 0x3d, 0x23, 0xe8, 0xb5,
  0x66, 0x55, 0x7d, 0x2b, 0xd8, 0x85, 0xd6, 0xd9, 0x52, 0x5b, 0x87, 0x92, 0x1c, 0xf8, 0x89, 0xda,
  0x67, 0x86, 0x9e, 0xb7, 0x99, 0xf2, 0x35, 0x69, 0x26, 0xaa, 0x69, 0x64, 0xaa, 0x66, 0xd0, 0xb9,
  0x66, 0x5b, 0x1a, 0x86, 0x9e, 0x78, 0x8d, 0x28, 0xa6, 0xad, 0xa1, 0x23, 0x9a, 0x96, 0xf6, 0xa1,
  0x67, 0xc5, 0xb1, 0x0e, 0x35, 0x87, 0xd5, 0x08, 0x3b, 0x19, 0x3c, 0x71, 0xea, 0xe6, 0x95, 0x20,
  0x38, 0x82, 0x5b, 0x56, 0xb2, 0xa0, 0xb8, 0x99, 0x61, 0xa4, 0xba, 0x51, 0x77, 0x6a, 0xd4, 0x36,
  0x96, 0x58, 0x88, 0x7e, 0x59, 0x78, 0x82, 0x9a, 0x08, 0x9e, 0x63, 0xf7, 0x71, 0x17, 0xb9, 0x72,
  0x18, 0x68, 0x76, 0xdb, 0x38, 0x66, 0xa0, 0xeb, 0x61, 0x30, 0xf7, 0xb8, 0xef, 0x45, 0x71, 0x24,
  0x17, 0x72, 0x17, 0xf9, 0x99, 0x1c, 0xf6, 0x6e, 0x50, 0x79, 0x6e, 0x20, 0x29, 0x66, 0xdf, 0xca,
  0x5d, 0x98, 0xa7, 0x76, 0xd6, 0xc7, 0x7d, 0x2e, 0xe8, 0x79, 0x23, 0x07, 0xb2, 0xdd, 0xa5, 0x7e,
  0xd9, 0xab, 0x45, 0xec, 0xa9, 0x65, 0x1a, 0x3a, 0x96, 0x1d, 0x47, 0x9a, 0xa0, 0x96, 0xad, 0xa5,
  0x35, 0x96, 0x1c, 0x87, 0x82, 0x51, 0x67, 0x72, 0x5b, 0x2a, 0x5e, 0xd9, 0x3c, 0x36, 0xed, 0xd8,
  0x9c, 0x2f, 0x14, 0xa1, 0xe9, 0x49, 0x5d, 0x5e, 0xc9, 0x7d, 0x24, 0xe5, 0xa5, 0x9d, 0x98, 0x66,
  0x60, 0x38, 0x85, 0xab, 0x48, 0x49, 0x6a, 0xaa, 0x71, 0x20, 0x48, 0x96, 0x62, 0x06, 0xb2, 0x99,
  0xd6, 0x7e, 0x9e, 0xd7, 0x89, 0x25, 0x3a, 0x65, 0x21, 0x0a, 0x66, 0xa6, 0xe7, 0x71, 0x65, 0xd9,
  0x99, 0x24, 0xb5, 0xa5, 0x65, 0xa4, 0xad, 0xe1, 0x54, 0x8a, 0x17, 0x3a, 0x6a, 0x16, 0xaa, 0x62,
  0x9d, 0xb9, 0x6d, 0xe7, 0xd6, 0x89, 0xdf, 0x77, 0x5d, 0x61, 0xf8, 0x69, 0x65, 0x97, 0xa1, 0x9f,
  0xb7, 0x92, 0x17, 0x87, 0x86, 0xa5, 0x37, 0xad, 0xeb, 0x94, 0x9d, 0x26, 0xaa, 0x31, 0x27, 0x6d,
  0x5d, 0xae, 0x87, 0xb9, 0xd6, 0xe5, 0xaa, 0xd2, 0xb5, 0x5e, 0xdd, 0x5a, 0x69, 0x63, 0xe8, 0x6d,
  0x22, 0x18, 0x9e, 0xdf, 0x64, 0xaa, 0x91, 0xa7, 0x6e, 0x1b, 0xc8, 0x9d, 0x5e, 0xc8, 0x4d, 0x21,
  0xda, 0x75, 0x99, 0xc8, 0x66, 0x9c, 0x69, 0x7a, 0x9c, 0x35, 0xb2, 0x5a, 0x16, 0x8e, 0x65, 0xe8,
  0x7d, 0x5f, 0xfa, 0x59, 0x62, 0x69, 0x62, 0x19, 0x1b, 0x76, 0xdd, 0x79, 0x75, 0xe4, 0x46, 0x96,
  0x5a, 0xb8, 0x99, 0xa5, 0x08, 0x75, 0xea, 0x58, 0x5e, 0x58, 0x39, 0x76, 0xe2, 0x75, 0xbd, 0x25,
  0x46, 0x69, 0xae, 0x99, 0x81, 0xe2, 0x27, 0x62, 0x1d, 0xe8, 0x6d, 0x1c, 0x9b, 0x46, 0x19, 0x59,
  0x6a, 0x20, 0x7a, 0x71, 0x2a, 0xca, 0x5d, 0xe0, 0x6b, 0x62, 0x98, 0xc7, 0x6e, 0x92, 0xb8, 0x8e,
  0x96, 0x19, 0x72, 0x62, 0xe8, 0x91, 0x5f, 0xa9, 0x4a, 0x5d, 0x6c, 0x35, 0xa6, 0x7b, 0x49, 0xeb,
  0x75, 0xad, 0x17, 0xd4, 0xb2, 0xe0, 0x56, 0x91, 0xa4, 0x77, 0x8a, 0x22, 0xf7, 0x89, 0xd6, 0x18,
  0x66, 0xe5, 0x37, 0xae, 0x18, 0x55, 0xaa, 0x1c, 0x07, 0xc2, 0x67, 0x96, 0x65, 0x25, 0xea, 0x7d,
  0x5a, 0x1a, 0x46, 0x1c, 0x65, 0xba, 0x17, 0xd8, 0x79, 0xf0, 0x24, 0xb1, 0x67, 0xd4, 0xb2, 0x15,
  0xf6, 0x61, 0xdd, 0x18, 0x82, 0x62, 0x27, 0x7a, 0xd2, 0xe6, 0xb2, 0x63, 0x0a, 0x52, 0xde, 0x1a,
  0x6e, 0xe4, 0xba, 0x85, 0x5a, 0xf7, 0x75, 0x1c, 0x39, 0x9e, 0xa5, 0x35, 0x95, 0x62, 0x07, 0x82,
  0x68, 0xb8, 0x71, 0x9f, 0xb6, 0x99, 0xaf, 0xd6, 0x85, 0x96, 0x84, 0xa6, 0x57, 0xa8, 0x86, 0x28,
  0x86, 0x89, 0x94, 0x29, 0x6f, 0x15, 0x19, 0x4e, 0x1b, 0x19, 0x8e, 0x9b, 0x9a, 0x6d, 0xa0, 0x36,
  0xb5, 0x32, 0x47, 0x95, 0xa5, 0xc6, 0x5d, 0x68, 0xab, 0x8d, 0x22, 0xe6, 0x8d, 0x1b, 0xc7, 0x82,
  0xa2, 0xb8, 0x71, 0x1f, 0x67, 0x92, 0x63, 0xf8, 0x59, 0xdf, 0x18, 0x62, 0xdc, 0xba, 0x76, 0x18,
  0x38, 0x81, 0xe7, 0x79, 0x79, 0xf2, 0xe6, 0x80, 0x63, 0xc5, 0xb9, 0x24, 0x55, 0xa5, 0x5b, 0x56,
  0xa2, 0xe1, 0x55, 0x9e, 0x54, 0xe6, 0x8d, 0x60, 0xe9, 0x7e, 0x96, 0x55, 0x6e, 0x18, 0x79, 0x66,
  0xe1, 0xc9, 0x65, 0xae, 0x86, 0xad, 0x69, 0xe7, 0x79, 0xe3, 0xc7, 0x79, 0xdb, 0x1b, 0x5e, 0x5c,
  0x07, 0x82, 0x17, 0x08, 0x9f, 0x1f, 0x46, 0xa5, 0x60, 0x57, 0x92, 0xa1, 0x47, 0x4a, 0x99, 0x6b,
  0x4d, 0x29, 0x09, 0x62, 0x9e, 0x17, 0x72, 0x61, 0x1c, 0x36, 0xad, 0xd9, 0x7c, 0xe7, 0xf8, 0x6d,
  0xe3, 0x25, 0x7e, 0x4e, 0xf7, 0x9a, 0xd9, 0xd4, 0xc5, 0x26, 0x85, 0x72, 0xe5, 0xd9, 0x9d, 0xd8,
  0x76, 0x46, 0x5e, 0xdb, 0x61, 0xa0, 0x09, 0x6a, 0x1f, 0x88, 0x9e, 0xdc, 0xe7, 0x85, 0x29, 0xc7,
  0x9d, 0xa1, 0x38, 0x79, 0x23, 0x86, 0x6a, 0xd5, 0x8a, 0x62, 0x1e, 0xa8, 0xa1, 0xe8, 0xb5, 0x6d,
  0x24, 0xe8, 0x65, 0x9d, 0xe8, 0x5d, 0x9e, 0xd8, 0x71, 0x5e, 0x18, 0x7e, 0xa4, 0xc7, 0x69, 0xef,
  0x09, 0x6d, 0xac, 0x4a, 0x59, 0xab, 0x0a, 0x79, 0xe5, 0x16, 0xba, 0x9c, 0x45, 0xc2, 0xa0, 0x64,
  0xa2, 0x9f, 0x57, 0x91, 0x69, 0x16, 0x8a, 0x9d, 0x49, 0x4e, 0x99, 0x8a, 0x66, 0xe0, 0x75, 0x92,
  0x1b, 0xe8, 0x81, 0xe1, 0xc7, 0x61, 0x61, 0x66, 0xa9, 0xe5, 0xc5, 0x75, 0x1d, 0x4a, 0x99, 0x27,
  0xa6, 0xc5, 0x5f, 0x13, 0xae, 0x96, 0x39, 0x4e, 0x24, 0x0b, 0x6e, 0x18, 0x58, 0x7f, 0xca, 0x57,
  0x8b, 0x50, 0xb7, 0x8a, 0xe8, 0x46, 0x91, 0x23, 0xc6, 0x4d, 0x67, 0x3a, 0x81, 0xad, 0x09, 0x59,
  0x6c, 0xf9, 0x91, 0xdd, 0x66, 0xb2, 0xd8, 0x54, 0xba, 0x53, 0x18, 0x62, 0xdb, 0xa7, 0x9a, 0xd2,
  0xc7, 0x86, 0x93, 0x97, 0x8e, 0xd7, 0x97, 0x5a, 0x5c, 0x5a, 0x49, 0x27, 0x48, 0x85, 0x63, 0x78,
  0x52, 0xd9, 0x9a, 0x7a, 0x61, 0xd6, 0xc1, 0x20, 0x24, 0xaa, 0xed, 0x54, 0xb1, 0xe1, 0x85, 0x8d,
  0xe7, 0x17, 0x9a, 0xdb, 0x99, 0x56, 0xd2, 0x5a, 0x92, 0x9d, 0xc5, 0xa1, 0x95, 0xd7, 0x62, 0x22,
  0x3a, 0x59, 0x26, 0xa8, 0x91, 0xe8, 0x56, 0x86, 0x98, 0x17, 0x6a, 0xe9, 0x09, 0x7d, 0x69, 0x85,
  0xad, 0x9b, 0x88, 0x66, 0xea, 0xe7, 0x81, 0x55, 0x2b, 0x6a, 0xdf, 0x57, 0x82, 0xa1, 0x25, 0xa9,
  0x28, 0x18, 0x5a, 0x58, 0xfb, 0x41, 0x5e, 0x7b, 0x56, 0x9e, 0x88, 0x71, 0x5f, 0x48, 0x9e, 0xdb,
  0x78, 0x75, 0x2a, 0xc7, 0xad, 0xad, 0x66, 0xad, 0xe1, 0x66, 0x66, 0xde, 0x19, 0x6a, 0xa4, 0xa5,
  0x81, 0x69, 0xd8, 0x89, 0xa1, 0xb6, 0x6d, 0xa0, 0x2a, 0x6e, 0x64, 0x1a, 0x72, 0x12, 0x36, 0x9a,
  0x61, 0xd6, 0x8d, 0x23, 0x87, 0x8d, 0xad, 0x69, 0x61, 0x2e, 0x18, 0x79, 0x67, 0x69, 0x7e, 0x9c,
  0x36, 0x56, 0x94, 0x48, 0x82, 0xa6, 0xe8, 0x79, 0x1e, 0x47, 0x86, 0xe3, 0x0a, 0x66, 0xd6, 0xa7,
  0x6e, 0x1c, 0x5b, 0x5d, 0x67, 0x49, 0x55, 0xa7, 0xea, 0x99, 0xdf, 0x66, 0x82, 0xd7, 0x37, 0x92,
  0xa6, 0xf8, 0x99, 0x99, 0x44, 0xb6, 0x9b, 0x85, 0x8a, 0xdd, 0xb7, 0x75, 0xa5, 0x79, 0x86, 0x9d,
  0xc6, 0x69, 0x5c, 0xa8, 0x96, 0x1b, 0xa9, 0x51, 0x5d, 0x77, 0x96, 0x19, 0x29, 0x7a, 0x20, 0x87,
  0x9d, 0x98, 0x28, 0x8b, 0x5e, 0x03, 0xc9, 0x69, 0x84, 0xad, 0xaa, 0x96, 0x5d, 0xa0, 0xc7, 0x86,
  0x62, 0xdb, 0x4d, 0x95, 0x78, 0x8e, 0xa5, 0x37, 0x9e, 0x9a, 0x16, 0x62, 0x66, 0xc8, 0x99, 0xe9,
  0x18, 0x69, 0xa2, 0xd9, 0x7a, 0x9a, 0x79, 0x6d, 0x5c, 0xd8, 0x95, 0xa7, 0x98, 0x61, 0xe3, 0xc4,
  0xad, 0x9a, 0x76, 0xaa, 0x1a, 0x15, 0x6e, 0xde, 0x07, 0x8a, 0xe8, 0x94, 0xa1, 0x16, 0xf9, 0x69,
  0x6a, 0x1a, 0x4a, 0x9e, 0x2a, 0x7a, 0x9a, 0x1a, 0x83, 0x56, 0x55, 0xb5, 0x67, 0x36, 0xaa, 0xdf,
  0x97, 0x59, 0x9b, 0x2b, 0x46, 0x6b, 0x2a, 0x61, 0xa9, 0x57, 0x9a, 0x56, 0x85, 0x86, 0xdb, 0x56,
  0x75, 0xed, 0x27, 0x9e, 0xda, 0x87, 0x56, 0xdc, 0x2b, 0x7a, 0x18, 0x4a, 0x52, 0xe1, 0xd9, 0x74,
  0xaf, 0x78, 0x49, 0xe1, 0x6a, 0x65, 0x29, 0xfa, 0x75, 0xde, 0x46, 0xa2, 0x12, 0xe5, 0xc2, 0x99,
  0xd3, 0xad, 0x26, 0x65, 0xa1, 0xed, 0x17, 0x7d, 0x6d, 0xe9, 0x89, 0xa1, 0x59, 0x66, 0x1e, 0x98,
  0x92, 0x55, 0xb6, 0x9a, 0x14, 0xf7, 0x79, 0x5f, 0x48, 0x7a, 0xde, 0xa9, 0x79, 0xec, 0x36, 0x99,
  0x1f, 0x87, 0x81, 0x65, 0x15, 0xa1, 0xa5, 0xd7, 0x65, 0x1e, 0x58, 0x6e, 0xd8, 0x19, 0x7b, 0x57,
  0x69, 0x96, 0xda, 0xc4, 0x96, 0x17, 0x99, 0x49, 0x6c, 0xfc, 0x5c, 0xf1, 0x68, 0x5d, 0x1e, 0xea,
  0x5e, 0x11, 0x5a, 0x82, 0xda, 0xb5, 0x86, 0x55, 0xa7, 0x71, 0xa8, 0x08, 0x96, 0x9c, 0x47, 0x92,
  0xe0, 0x96, 0x96, 0xa2, 0xd7, 0x95, 0xe4, 0x74, 0xc1, 0x5c, 0x85, 0x7a, 0x55, 0x98, 0x5e, 0x57,
  0x7b, 0x46, 0xdb, 0xe9, 0x7d, 0x5a, 0x67, 0x72, 0xe5, 0x95, 0xa5, 0x58, 0xa6, 0x89, 0xa6, 0x6a,
  0x6a, 0x1b, 0x48, 0x7e, 0x97, 0xa9, 0x6e, 0x1c, 0x48, 0x8a, 0x18, 0xb7, 0x96, 0x1c, 0x7a, 0x55,
  0x2d, 0xe8, 0x89, 0x60, 0x6a, 0x4e, 0x98, 0x48, 0x6a, 0x1b, 0x79, 0x5a, 0xdc, 0xd9, 0x45, 0x59,
  0xec, 0x45, 0xab, 0xd8, 0x89, 0x17, 0xd7, 0xa5, 0x9f, 0x05, 0x9e, 0xe2, 0x24, 0xc1, 0x28, 0x55,
  0xa2, 0x18, 0xe7, 0x7d, 0xa5, 0x69, 0x8e, 0x5a, 0x78, 0x62, 0x10, 0xe7, 0x72, 0x21, 0x59, 0x85,
  0xaa, 0xc6, 0x9d, 0xa9, 0xa7, 0x99, 0x21, 0xd6, 0x7d, 0xe4, 0x3b, 0x5d, 0xa9, 0xa6, 0x91, 0x1c,
  0x58, 0x7d, 0xef, 0x99, 0x65, 0x1f, 0x98, 0x9d, 0xa0, 0xa7, 0x82, 0xd7, 0x24, 0x9e, 0x56, 0x48,
  0x62, 0x23, 0x07, 0x76, 0x1f, 0xbc, 0x45, 0x30, 0x0b, 0x5d, 0x6b, 0xba, 0x85, 0xa1, 0x39, 0x66,
  0xe3, 0x56, 0x99, 0xa7, 0xe7, 0x7d, 0x61, 0x07, 0xae, 0x5c, 0x26, 0x92, 0x60, 0x65, 0x8d, 0xa5,
  0xd6, 0x8d, 0x5b, 0x78, 0x61, 0x2d, 0x78, 0x7d, 0x9d, 0x78, 0x7a, 0x15, 0x2b, 0x62, 0x1e, 0x99,
  0x8a, 0x15, 0x86, 0x9a, 0x62, 0xd7, 0x91, 0x26, 0x89, 0x6d, 0xeb, 0x47, 0x7a, 0x60, 0x58, 0x81,
  0x1b, 0x99, 0x92, 0x13, 0x87, 0x7e, 0x9d, 0x56, 0x76, 0x9e, 0x1a, 0x66, 0xdb, 0x27, 0x76, 0x20,
  0xf9, 0x61, 0x5e, 0xe9, 0x55, 0xa5, 0xa7, 0xbd, 0xde, 0x64, 0x8e, 0x97, 0xb9, 0x56, 0x59, 0x2a,
  0x7e, 0xd5, 0x75, 0xae, 0x9c, 0x65, 0xba, 0x9b, 0x75, 0x89, 0xed, 0xe7, 0x95, 0x1e, 0x17, 0x92,
  0x59, 0xc7, 0x86, 0xd4, 0x77, 0x76, 0xd7, 0x78, 0x7e, 0x22, 0xc9, 0x7d, 0x64, 0x58, 0x89, 0x2a,
  0xf8, 0x7d, 0x1c, 0xf8, 0x91, 0x9c, 0x56, 0x7a, 0x5d, 0xd6, 0x8d, 0x5c, 0x57, 0x62, 0x9f, 0x69,
  0x5a, 0x12, 0x7a, 0x72, 0xdc, 0x47, 0x7a, 0x56, 0x77, 0x86, 0x1c, 0x28, 0xa2, 0x24, 0x68, 0x59,
  0x71, 0x7b, 0x49, 0xa8, 0xac, 0x51, 0xe2, 0xa7, 0x92, 0x57, 0x48, 0x66, 0x19, 0xd8, 0xa5, 0x6a,
  0x84, 0xd5, 0x9a, 0xe2, 0x8a, 0x95, 0x3a, 0x76, 0x1b, 0xe5, 0xa6, 0x10, 0xe8, 0x95, 0xe7, 0xf7,
  0x45, 0xde, 0xcb, 0x65, 0xac, 0xc8, 0x69, 0x1e, 0xc8, 0x95, 0x27, 0x95, 0x86, 0x56, 0xb6, 0xa9,
  0x63, 0xb8, 0x6d, 0x67, 0x19, 0x55, 0x64, 0x09, 0x76, 0xdd, 0xb8, 0x72, 0x50, 0x79, 0x92, 0x23,
  0xd7, 0x89, 0xe1, 0x35, 0x8e, 0x1e, 0x5b, 0x62, 0x16, 0x8b, 0x3a, 0x26, 0xfb, 0x81, 0xe2, 0x18,
  0x56, 0xe8, 0x66, 0xbd, 0xe8, 0x56, 0x75, 0xa6, 0xd6, 0x79, 0xda, 0x3a, 0x6a, 0x1a, 0x17, 0x76,
  0x1a, 0x77, 0xb2, 0x99, 0x85, 0x85, 0x25, 0x89, 0x7d, 0x2b, 0xa7, 0x9d, 0x9b, 0x75, 0x86, 0x5f,
  0x18, 0x8a, 0xa1, 0x16, 0x9a, 0x5e, 0x77, 0x82, 0xe3, 0x57, 0x71, 0xa6, 0x5a, 0x4a, 0x64, 0x6b,
  0x6d, 0x58, 0xe7, 0x91, 0xa5, 0xd6, 0xa9, 0x64, 0xe5, 0x9d, 0x1c, 0x49, 0x82, 0x1c, 0xe8, 0x6d,
  0x1d, 0x78, 0x86, 0x58, 0x66, 0x6e, 0x96, 0x08, 0x7e, 0x2a, 0x47, 0x8d, 0x6a, 0xc6, 0x95, 0xdc,
  0x89, 0x62, 0x5b, 0x87, 0x5a, 0x98, 0x29, 0x8e, 0x20, 0x07, 0x8a, 0x23, 0x89, 0x89, 0xea, 0xd8,
  0x91, 0x16, 0x87, 0x8a, 0xa2, 0x67, 0x8d, 0x5f, 0x25, 0x8e, 0x60, 0x85, 0xa6, 0x5a, 0xb9, 0x51,
  0xeb, 0x1a, 0x5a, 0x1c, 0x39, 0x8a, 0x59, 0x26, 0x72, 0x1e, 0xe9, 0x85, 0x5d, 0x07, 0x8a, 0xa0,
  0x08, 0x6e, 0x9d, 0x29, 0x7a, 0x1c, 0x1b, 0x56, 0xd3, 0xc8, 0x52, 0xd6, 0xf8, 0x81, 0x65, 0x08,
  0x96, 0x62, 0xd6, 0x8d, 0xa0, 0xa6, 0x96, 0x1a, 0xb6, 0xa1, 0x26, 0x97, 0x95, 0x1c, 0x35, 0xa2,
  0x60, 0x47, 0x7a, 0x63, 0xd8, 0x81, 0x9d, 0x97, 0x92, 0x14, 0x77, 0x92, 0xde, 0x54, 0x9e, 0x56,
  0x98, 0x81, 0xee, 0x38, 0x79, 0xe7, 0x07, 0x72, 0x1c, 0xa8, 0x81, 0xe3, 0x29, 0x55, 0xaf, 0x47,
  0x9d, 0x1e, 0x46, 0xa6, 0x9f, 0x97, 0x66, 0x1f, 0x9b, 0x61, 0x9e, 0x67, 0x7e, 0x63, 0x68, 0x99,
  0xa3, 0x26, 0x66, 0xe1, 0x8a, 0x65, 0xa4, 0x39, 0x76, 0x99, 0x27, 0x8e, 0x58, 0xf6, 0x99, 0x1d,
  0x06, 0x92, 0xe2, 0x06, 0x8e, 0xe5, 0x27, 0x7d, 0x2d, 0x09, 0x72, 0x1c, 0xc8, 0x85, 0x58, 0xd7,
  0x86, 0xe0, 0x56, 0xb5, 0xaa, 0x94, 0xad, 0x22, 0x86, 0x86, 0x1d, 0x19, 0x86, 0x62, 0xb7, 0x89,
  0x1a, 0x17, 0x8a, 0xe0, 0x25, 0xb6, 0xdd, 0x55, 0x82, 0x16, 0x29, 0x4a, 0x28, 0xfb, 0x85, 0x56,
  0x46, 0x82, 0x5a, 0x2a, 0x5a, 0xa3, 0x79, 0x55, 0xe8, 0xe9, 0x71, 0x61, 0xda, 0x51, 0xa0, 0x6a,
  0x82, 0xd8, 0xb5, 0x9e, 0xd3, 0x74, 0xb6, 0xd8, 0x55, 0xb2, 0x97, 0x46, 0x6a, 0x99, 0x49, 0x82,
  0x61, 0x38, 0x8a, 0x17, 0xb8, 0x7e, 0x5d, 0x27, 0x92, 0x19, 0x48, 0x66, 0xab, 0xa7, 0x91, 0x5f,
  0x28, 0x72, 0x19, 0xd7, 0x8e, 0x98, 0x38, 0x62, 0x5f, 0xa7, 0xb1, 0xa4, 0x35, 0x81, 0x1d, 0x28,
  0x66, 0x61, 0xe9, 0x7d, 0x9a, 0xa7, 0xaa, 0x95, 0x75, 0x92, 0xdb, 0x47, 0x9e, 0xa0, 0x07, 0x5e,
  0x64, 0xdb, 0x49, 0x1f, 0xfb, 0x4d, 0xeb, 0xd9, 0x81, 0x9c, 0x38, 0x8a, 0xe0, 0xd7, 0x71, 0xa2,
  0x98, 0x79, 0xe1, 0x89, 0x5d, 0x21, 0x08, 0x92, 0xa0, 0x35, 0xae, 0x5c, 0xb6, 0x99, 0xe1, 0x76,
  0x96, 0x19, 0xb6, 0x91, 0x5f, 0xe6, 0x89, 0x9f, 0x78, 0x62, 0x20, 0xf9, 0x85, 0xe4, 0x57, 0x8d,
  0xac, 0x56, 0x7d, 0xaa, 0x8b, 0x49, 0xa6, 0x89, 0x65, 0xa2, 0x09, 0x92, 0x60, 0x36, 0x96, 0x5e,
  0xc7, 0x95, 0x28, 0xb6, 0xad, 0x1f, 0xe6, 0x69, 0xdd, 0x5a, 0x56, 0x60, 0xd8, 0x81, 0xa0, 0x58,
  0x66, 0x1c, 0xe9, 0x55, 0xa5, 0xd9, 0x71, 0xa3, 0xa9, 0x69, 0x9d, 0x56, 0x8e, 0x9f, 0xb8, 0x8d,
  0xe4, 0x74, 0xad, 0x9d, 0x27, 0x92, 0x5f, 0xf7, 0x75, 0x6c, 0xa8, 0xad, 0x18, 0x97, 0x92, 0x98,
  0x25, 0xb6, 0x22, 0xc6, 0x91, 0xa4, 0x75, 0xa5, 0xe7, 0x17, 0x8a, 0x29, 0x26, 0x85, 0x64, 0xb8,
  0x82, 0x93, 0x46, 0xa2, 0x99, 0xf7, 0x65, 0x6b, 0x48, 0x7d, 0x68, 0xd8, 0x6d, 0x9f, 0xfa, 0x59,
  0x59, 0xf8, 0x81, 0x62, 0x37, 0x92, 0x1f, 0xe8, 0x65, 0x5f, 0xf8, 0x99, 0xa5, 0x58, 0x65, 0xa4,
  0x99, 0x5a, 0xdd, 0xd9, 0x85, 0x1a, 0x56, 0x92, 0x23, 0x19, 0x5e, 0x61, 0xb7, 0x85, 0xe3, 0x17,
  0x8e, 0x58, 0x48, 0x62, 0x1a, 0x78, 0x9e, 0x9c, 0x17, 0x76, 0xa0, 0x06, 0xb2, 0x5d, 0xd6, 0x75,
  0xa4, 0x78, 0x9d, 0x65, 0x16, 0xb6, 0x95, 0x74, 0x8a, 0x9b, 0x09, 0x8a, 0x69, 0xc6, 0x81, 0x58,
  0x57, 0x7e, 0xa5, 0x27, 0x4e, 0x16, 0x1b, 0x8e, 0x5e, 0xd6, 0x9e, 0x56, 0xd6, 0x85, 0x22, 0xa9,
  0x7a, 0xda, 0x88, 0x69, 0xa1, 0x89, 0x4e, 0x98, 0x7b, 0x55, 0x5f, 0x48, 0x82, 0xa9, 0xb8, 0x75,
  0x22, 0x98, 0x7d, 0xab, 0xc7, 0x9d, 0x1e, 0x17, 0x62, 0x9c, 0x67, 0xae, 0xa0, 0x24, 0xa2, 0xdb,
  0x56, 0xae, 0xa1, 0xf7, 0x55, 0xe0, 0xc8, 0x7d, 0x9a, 0x68, 0x82, 0xd7, 0x46, 0x72, 0xe2, 0x49,
  0x8e, 0x9c, 0xc6, 0xa9, 0x1c, 0x07, 0x8e, 0xe9, 0xa7, 0x7d, 0x25, 0x96, 0x9d, 0x1e, 0x47, 0x8a,
  0x1e, 0xc8, 0x65, 0xea, 0x08, 0x8e, 0x99, 0x46, 0x7a, 0x97, 0x88, 0x76, 0x5b, 0x38, 0x6e, 0xdf,
  0xf8, 0x81, 0xe6, 0xb7, 0x91, 0xa3, 0x37, 0x7d, 0x68, 0xda, 0x61, 0xe4, 0xa8, 0x6d, 0x9e, 0x69,
  0x6a, 0x5d, 0x78, 0x99, 0x29, 0x06, 0x92, 0xdf, 0x57, 0x7d, 0x2b, 0xa6, 0xb5, 0xdb, 0xc5, 0x92,
  0x1c, 0x37, 0x86, 0xe0, 0xb6, 0x99, 0xa3, 0x17, 0x72, 0x5c, 0x17, 0x92, 0x57, 0x39, 0x4e, 0xe5,
  0xf7, 0xbd, 0x5e, 0x15, 0x92, 0x64, 0xa7, 0x75, 0xe9, 0x57, 0x79, 0x25, 0x3a, 0x51, 0xa7, 0x0a,
  0x52, 0x20, 0x0a, 0x8e, 0x1d, 0x37, 0x96, 0x21, 0x55, 0xae, 0x18, 0xe7, 0x91, 0x21, 0xf6, 0x85,
  0x19, 0x4b, 0x4a, 0x5e, 0x6b, 0x5e, 0xe5, 0xc9, 0x79, 0x62, 0x78, 0x69, 0x2b, 0x68, 0x91, 0xa3,
  0xa6, 0x81, 0xa3, 0x06, 0xa2, 0x17, 0x77, 0x96, 0x9b, 0x46, 0x92, 0x9f, 0xf7, 0x6d, 0x5b, 0x09,
  0x56, 0x9e, 0x19, 0x62, 0xa2, 0x19, 0x92, 0x93, 0xe7, 0x96, 0xdd, 0x66, 0x82, 0x19, 0x18, 0xa2,
  0x63, 0xc8, 0x51, 0x66, 0x57, 0x89, 0xae, 0x69, 0x65, 0xe4, 0xb7, 0xb1, 0xdb, 0x56, 0x8a, 0x65,
  0x97, 0x89, 0x60, 0x68, 0x4e, 0x9f, 0xab, 0x5d, 0x98, 0xe8, 0x6a, 0xe0, 0x57, 0x9d, 0x9d, 0xe7,
  0x59, 0xeb, 0x68, 0x99, 0x29, 0x56, 0x79, 0xe9, 0xd7, 0x81, 0x9c, 0xa9, 0x6e, 0x52, 0x86, 0xb6,
  0xe1, 0xc4, 0xa5, 0xe4, 0x06, 0x9a, 0xa6, 0xd8, 0x89, 0x5d, 0xd6, 0x75, 0x1f, 0x1a, 0x72, 0xa2,
  0x35, 0xa2, 0x14, 0x98, 0x96, 0xe0, 0x47, 0x7a, 0x9c, 0xd8, 0x7d, 0xa8, 0xd8, 0x65, 0xdc, 0xc7,
  0xad, 0xda, 0x94, 0x9e, 0x60, 0x96, 0x7d, 0x63, 0x97, 0x92, 0x5d, 0x69, 0x6d, 0x61, 0x56, 0x86,
  0xdb, 0x3a, 0x52, 0x56, 0x28, 0x9a, 0xa5, 0xf7, 0x85, 0xe1, 0x17, 0x86, 0x60, 0x59, 0x56, 0x9e,
  0x7a, 0x59, 0x26, 0xe7, 0xa9, 0x9e, 0xf7, 0x85, 0xa0, 0xe7, 0x99, 0xe7, 0xd4, 0xbd, 0xa0, 0x34,
  0x8a, 0x53, 0x09, 0x6b, 0x10, 0xb7, 0x8e, 0x55, 0x28, 0x8e, 0x1c, 0x57, 0x62, 0x22, 0x5b, 0x75,
  0xe7, 0xf8, 0x51, 0x5f, 0xd8, 0x81, 0xe5, 0xd8, 0x89, 0xe0, 0x55, 0xa2, 0x58, 0x28, 0x7a, 0x24,
  0x76, 0xa5, 0x28, 0xf7, 0x85, 0x9e, 0x06, 0x8a, 0xda, 0x88, 0x66, 0x61, 0x8a, 0x55, 0x27, 0x09,
  0x7e, 0x57, 0x3a, 0x4a, 0x1c, 0xdb, 0x55, 0xa7, 0x49, 0x72, 0x1f, 0x29, 0x8d, 0x6f, 0x76, 0xad,
  0x67, 0x74, 0xa1, 0xe4, 0xb7, 0x89, 0xdf, 0x27, 0x56, 0x96, 0xa9, 0x86, 0x1b, 0xc8, 0x6e, 0x17,
  0x58, 0x82, 0x20, 0xa9, 0x81, 0xe8, 0x46, 0x75, 0xe8, 0x37, 0x96, 0xe0, 0x76, 0x79, 0x6a, 0xa9,
  0x79, 0x22, 0x39, 0x7a, 0xd8, 0xe7, 0x91, 0xe5, 0xf6, 0x89, 0x15, 0x26, 0x8e, 0x60, 0x46, 0xba,
  0x22, 0x75, 0x8d, 0x62, 0x76, 0x96, 0x64, 0x38, 0x75, 0xa8, 0xe8, 0x79, 0xe6, 0xc8, 0x55, 0x5d,
  0x0a, 0x7a, 0x63, 0x28, 0x96, 0xe0, 0xf5, 0x89, 0xdf, 0x47, 0x9e, 0x9d, 0xa7, 0x69, 0xe2, 0xd7,
  0xad, 0x5c, 0x35, 0x72, 0xdf, 0xd7, 0x81, 0x5e, 0x6a, 0x4a, 0x20, 0x0a, 0x7a, 0x1b, 0x9a, 0x6e,
  0x17, 0xe7, 0x95, 0x5e, 0x17, 0x8a, 0x68, 0x57, 0x81, 0x28, 0x89, 0x81, 0xb0, 0x49, 0x59, 0x60,
  0x6a, 0x76, 0x1b, 0x26, 0xaa, 0x91, 0x95, 0x92, 0x57, 0xe7, 0x8a, 0xd2, 0x36, 0xa2, 0xa0, 0x85,
  0x92, 0x5c, 0x19, 0x56, 0x5e, 0xa9, 0x81, 0xe6, 0xa7, 0x71, 0x60, 0x17, 0x8a, 0xdf, 0x3a, 0x6a,
  0x22, 0x17, 0x8e, 0xe3, 0x07, 0x8e, 0x9d, 0x54, 0x99, 0x65, 0xc7, 0xad, 0x20, 0x25, 0x72, 0x58,
  0xaa, 0x66, 0x9c, 0x5a, 0x62, 0x13, 0xeb, 0x5e, 0xd0, 0xb8, 0x76, 0x9b, 0xe7, 0x71, 0xad, 0x09,
  0x8d, 0xad, 0x96, 0x89, 0xe9, 0x87, 0x85, 0xac, 0x47, 0x9d, 0x9d, 0xe4, 0xa9, 0xa2, 0x56, 0x66,
  0x9a, 0xa9, 0x7d, 0xe5, 0x88, 0x6a, 0xd7, 0x69, 0x7e, 0x16, 0xa7, 0xa2, 0x59, 0xf5, 0x99, 0x9f,
  0x47, 0x82, 0xe0, 0xd8, 0x65, 0xa2, 0xd8, 0x6d, 0x65, 0x19, 0x72, 0x58, 0x19, 0x6a, 0xa7, 0x96,
  0xb1, 0x5e, 0x15, 0x9a, 0xa6, 0x86, 0x91, 0x65, 0xb7, 0x85, 0x22, 0xf8, 0x69, 0x99, 0x8a, 0x62,
  0xdd, 0xd8, 0x7d, 0x67, 0xea, 0x71, 0x9e, 0x97, 0x81, 0x67, 0xd8, 0x75, 0xdd, 0x87, 0x76, 0x99,
  0x78, 0x86, 0x99, 0xb5, 0x99, 0xaf, 0x48, 0x85, 0xa8, 0x65, 0xa1, 0x5d, 0x86, 0x76, 0x1d, 0x89,
  0x91, 0xa7, 0x45, 0xb2, 0x55, 0xc6, 0x8a, 0xda, 0xe8, 0x79, 0x66, 0xc8, 0x89, 0x17, 0x49, 0x4e,
  0xde, 0x3a, 0x7a, 0xa2, 0x67, 0x79, 0x64, 0x47, 0x9a, 0xe0, 0x17, 0x92, 0xdf, 0x95, 0x8d, 0x23,
  0x39, 0x5e, 0x61, 0xe8, 0x9d, 0xa1, 0x37, 0x86, 0xe2, 0x64, 0x99, 0x5d, 0x4a, 0x66, 0x2a, 0x29,
  0x65, 0x1f, 0x4a, 0x62, 0x1c, 0x3a, 0x52, 0x9f, 0xd9, 0x71, 0xa4, 0x88, 0x7d, 0x24, 0x67, 0xa5,
  0x6a, 0x16, 0x82, 0xe0, 0xe8, 0x8d, 0x9b, 0xc6, 0x9e, 0x1c, 0x17, 0x7a, 0x98, 0xa8, 0x5a, 0xa0,
  0xbb, 0x7d, 0x99, 0x77, 0x66, 0xa3, 0xca, 0x79, 0x60, 0x05, 0x96, 0xdc, 0x07, 0x9a, 0x98, 0xf4,
  0x75, 0x29, 0x79, 0x95, 0x21, 0x38, 0x62, 0x5e, 0x19, 0x7a, 0xe4, 0xb8, 0x79, 0x5e, 0x37, 0x8a,
  0x98, 0x68, 0x76, 0xa0, 0x07, 0x7e, 0xdd, 0x39, 0x86, 0x66, 0xd8, 0x61, 0xa3, 0x49, 0x81, 0x2c,
  0x19, 0x51, 0x63, 0xc7, 0xa1, 0xe8, 0x87, 0x6d, 0xa6, 0xc7, 0xb9, 0xdc, 0xe4, 0xa6, 0x54, 0xc7,
  0x89, 0xe2, 0x25, 0xa6, 0x1f, 0xb7, 0x7d, 0x1e, 0xa9, 0x6e, 0x9e, 0x4a, 0x4e, 0xe0, 0xf7, 0xa5,
  0x9e, 0x56, 0x7a, 0x13, 0x98, 0x66, 0xde, 0x18, 0x7e, 0x5d, 0xf9, 0x59, 0xe1, 0x17, 0x9e, 0xe4,
  0x87, 0x91, 0xe2, 0x14, 0xb6, 0x61, 0xf7, 0x85, 0x9c, 0x85, 0xa2, 0xd9, 0x98, 0x86, 0x94, 0x95,
  0x8a, 0xdd, 0xe9, 0x7d, 0xe2, 0xe6, 0x79, 0x1f, 0xf9, 0x79, 0x25, 0x89, 0x59, 0x28, 0x6a, 0x69,
  0xea, 0xd6, 0x85, 0xde, 0x96, 0xa9, 0xe5, 0x36, 0x92, 0x62, 0xc5, 0xbd, 0x9c, 0xc4, 0xa2, 0xdd,
  0xd6, 0x8d, 0x13, 0xe7, 0xb2, 0x57, 0x76, 0x82, 0x18, 0x3a, 0x5e, 0xa4, 0xda, 0x55, 0x5a, 0x6a,
  0x5e, 0x5c, 0x5a, 0x52, 0x55, 0xb7, 0x81, 0xe9, 0x78, 0x6d, 0x65, 0x09, 0x6e, 0xa6, 0xb7, 0xa1,
  0x67, 0xd7, 0x81, 0x1c, 0x49, 0x72, 0x1a, 0x78, 0x82, 0x56, 0x27, 0x86, 0xa7, 0xc8, 0x79, 0xdf,
  0x29, 0x62, 0xdf, 0xe9, 0x85, 0xe5, 0x46, 0x6d, 0x25, 0xd9, 0x6d, 0xe7, 0x68, 0x69, 0x2a, 0x88,
  0x95, 0x6b, 0x98, 0x79, 0x22, 0xf8, 0x71, 0xe0, 0x58, 0x96, 0x96, 0x15, 0x9a, 0xa3, 0x07, 0x8e,
  0x9c, 0x17, 0x6e, 0x1f, 0xea, 0x8d, 0xe1, 0x06, 0x6e, 0x5f, 0xd8, 0x95, 0xdf, 0x26, 0x82, 0xa3,
  0x87, 0x61, 0x5f, 0x3a, 0x86, 0xe5, 0x66, 0x79, 0xe1, 0xa9, 0x76, 0x5d, 0xa7, 0x79, 0x22, 0xf7,
  0x95, 0xe8, 0x57, 0x79, 0x62, 0xc8, 0x89, 0x67, 0x27, 0x8e, 0xda, 0x09, 0x62, 0x62, 0x49, 0x9e,
  0x62, 0x95, 0x89, 0x9f, 0xb7, 0x79, 0xa6, 0x69, 0x55, 0xa7, 0xa8, 0x85, 0x67, 0x57, 0x99, 0x63,
  0x15, 0x76, 0x22, 0x59, 0x8a, 0x9a, 0x26, 0x66, 0x99, 0x69, 0x96, 0xa0, 0x26, 0x82, 0x97, 0xb9,
  0x82, 0x5b, 0xf8, 0x7d, 0x64, 0x57, 0x85, 0x29, 0xaa, 0x61, 0xd9, 0x67, 0x7e, 0x9c, 0x19, 0x76,
  0xdd, 0xd6, 0x95, 0x62, 0xf6, 0xa5, 0xa2, 0x05, 0x96, 0x5e, 0xa6, 0x85, 0x6a, 0xc7, 0x8d, 0x97,
  0xc8, 0x76, 0x95, 0xc8, 0x76, 0x97, 0xb8, 0x85, 0xe2, 0x78, 0x76, 0xdf, 0x98, 0x65, 0x65, 0x08,
  0x7e, 0x22, 0xb9, 0x75, 0x22, 0x77, 0x91, 0xab, 0x56, 0x99, 0xdd, 0x85, 0x8e, 0xdd, 0xe7, 0x85,
  0xa0, 0x96, 0x86, 0x16, 0xa9, 0x92, 0x53, 0xe6, 0x7e, 0x53, 0x38, 0x86, 0xa3, 0xe9, 0x5d, 0x69,
  0xd8, 0x79, 0x9c, 0x1a, 0x62, 0x65, 0xd8, 0x81, 0x9a, 0xd8, 0x61, 0x60, 0x78, 0x81, 0xa3, 0xa6,
  0xa5, 0xe9, 0xb4, 0xa9, 0x58, 0x97, 0x82, 0xa2, 0xc7, 0x89, 0xa5, 0xb6, 0x89, 0xe4, 0x18, 0x72,
  0xdc, 0x69, 0x6e, 0x24, 0xc9, 0x79, 0xe1, 0x58, 0x8a, 0xdd, 0xc7, 0x85, 0xe3, 0x66, 0x81, 0xe6,
  0x78, 0x75, 0x64, 0xa8, 0x71, 0x2a, 0x49, 0x59, 0xe3, 0x39, 0x96, 0x5f, 0x06, 0x8a, 0xdc, 0x45,
  0x9e, 0x1b, 0x25, 0xa2, 0x5c, 0x86, 0x8e, 0x5a, 0xd8, 0x6d, 0x23, 0x99, 0x7a, 0x57, 0x58, 0x7e,
  0x5c, 0xf8, 0x71, 0xa2, 0xe8, 0x65, 0xe0, 0x99, 0x7d, 0x63, 0x07, 0x82, 0x9d, 0x98, 0x95, 0xeb,
  0x77, 0x75, 0xdd, 0xf8, 0x61, 0xa3, 0xea, 0x79, 0xe4, 0xa6, 0x89, 0xa1, 0x47, 0x8a, 0x99, 0xc8,
  0x82, 0x1c, 0xe8, 0x99, 0x65, 0xc7, 0x65, 0xda, 0x28, 0x52, 0xdc, 0xca, 0x69, 0xa3, 0x27, 0x65,
  0x65, 0xfa, 0x75, 0xea, 0x99, 0x71, 0x1f, 0x67, 0xae, 0x5b, 0x07, 0x6e, 0x1c, 0x27, 0x86, 0x1d,
  0x78, 0x7e, 0xd7, 0x76, 0xae, 0xa1, 0x78, 0x5a, 0x5f, 0xea, 0x61, 0x97, 0x68, 0xa2, 0x9e, 0x45,
  0x7e, 0x98, 0xd6, 0x9d, 0x25, 0x17, 0xa6, 0x23, 0x86, 0x9d, 0xe8, 0x07, 0x72, 0x18, 0xe9, 0x59,
  0xdd, 0x08, 0x82, 0x5f, 0xe7, 0x5d, 0x22, 0xe9, 0x9d, 0x29, 0xc7, 0x8d, 0x99, 0x77, 0x6e, 0x21,
  0xda, 0x7d, 0xdf, 0x45, 0x76, 0x59, 0x19, 0x7e, 0x24, 0xc9, 0x71, 0x6b, 0x98, 0xa1, 0xdf, 0x66,
  0x6e, 0x98, 0x28, 0x8e, 0xe0, 0x16, 0x8a, 0x1c, 0x97, 0x75, 0x21, 0x5a, 0x5a, 0x9f, 0xd9, 0x59,
  0x9d, 0x1a, 0x5e, 0xe1, 0xf8, 0x71, 0x5c, 0x28, 0x7e, 0xdf, 0x35, 0xae, 0x9d, 0x15, 0x7e, 0xe8,
  0xe9, 0x6d, 0xdd, 0x97, 0x79, 0x2a, 0xd8, 0x89, 0xa0, 0x77, 0x69, 0x69, 0x88, 0x9d, 0x62, 0xe7,
  0x95, 0x64, 0xd6, 0x99, 0xdb, 0x17, 0x8a, 0x9f, 0x26, 0x82, 0xdf, 0xe9, 0x8d, 0xa1, 0xc5, 0x61,
  0xe9, 0xba, 0x65, 0xe2, 0xf8, 0x65, 0x5a, 0x99, 0x72, 0x9f, 0xe7, 0xa9, 0xa1, 0x25, 0xa2, 0xa0,
  0x17, 0x7e, 0x21, 0x98, 0x81, 0x24, 0xa7, 0x79, 0x20, 0x88, 0x71, 0xdf, 0x28, 0x8e, 0x5d, 0x57,
  0x8a, 0xd5, 0xb6, 0x7a, 0x9d, 0x7a, 0x5e, 0x9d, 0xc9, 0x71, 0x69, 0xc9, 0x71, 0xa1, 0xe8, 0x89,
  0xa8, 0x57, 0x95, 0x6a, 0x75, 0x95, 0x63, 0xb7, 0x79, 0x66, 0xb6, 0x95, 0x95, 0x56, 0x82, 0x1a,
  0x29, 0x76, 0xa0, 0xc7, 0x99, 0x69, 0x78, 0x81, 0x62, 0x89, 0x6a, 0x9c, 0x08, 0x82, 0xdf, 0x17,
  0x7a, 0xd8, 0x87, 0x7e, 0x1a, 0x08, 0x72, 0xa1, 0xc9, 0x7d, 0xe3, 0x27, 0x8e, 0x1d, 0x17, 0x82,
  0x1c, 0xf7, 0x8d, 0x9f, 0xb6, 0x91, 0x5d, 0x87, 0x82, 0xd5, 0xa8, 0x7a, 0xd7, 0x48, 0x8e, 0x60,
  0x08, 0x5e, 0x1c, 0x4a, 0x6e, 0x1f, 0xb7, 0x8d, 0x67, 0xc6, 0x99, 0x61, 0x18, 0x76, 0x62, 0x19,
  0x76, 0xd9, 0x47, 0x82, 0xdc, 0x57, 0x6a, 0x5d, 0x78, 0x81, 0xe8, 0x88, 0x75, 0xa2, 0x16, 0x96,
  0xa1, 0x48, 0x82, 0x1e, 0xf7, 0x99, 0x17, 0xe9, 0x56, 0x53, 0x08, 0x7a, 0xe2, 0x19, 0x4e, 0x20,
  0x2b, 0x52, 0x5d, 0x39, 0x72, 0xa0, 0xc8, 0x85, 0x5e, 0x16, 0x86, 0x1b, 0x78, 0x76, 0x58, 0xf8,
  0x75, 0xe7, 0xe8, 0x99, 0x20, 0x17, 0x82, 0xe1, 0x07, 0x82, 0xdc, 0x78, 0x7a, 0x5f, 0x87, 0x85,
  0xde, 0x69, 0x6e, 0x9b, 0x06, 0x7e, 0xe1, 0x08, 0x8a, 0xe1, 0xe5, 0x7d, 0x23, 0x89, 0x79, 0xab,
  0x46, 0xad, 0xa5, 0xc5, 0x85, 0x2a, 0x88, 0x8d, 0x9c, 0x57, 0x7e, 0x1f, 0x37, 0x9a, 0x1d, 0x19,
  0x72, 0x1f, 0x38, 0x7a, 0xd9, 0x08, 0x76, 0x24, 0xd6, 0x8d, 0xa3, 0x99, 0x6d, 0x65, 0x07, 0x82,
  0x5f, 0x08, 0x92, 0xe2, 0x97, 0x65, 0x26, 0xe9, 0x71, 0x18, 0x67, 0x9e, 0x1c, 0xc6, 0x89, 0xa8,
  0x98, 0x89, 0xe5, 0xe8, 0x85, 0x9f, 0x57, 0x62, 0x5f, 0xd9, 0x89, 0x5c, 0x28, 0x56, 0xa5, 0xaa,
  0x65, 0xe2, 0xa7, 0x8d, 0x28, 0xe7, 0x95, 0x22, 0x97, 0x81, 0xe7, 0x97, 0x89, 0xe1, 0xf6, 0x95,
  0x22, 0x07, 0x82, 0x5d, 0x29, 0x6e, 0x5f, 0x09, 0x76, 0xe2, 0x17, 0x9e, 0x9f, 0x26, 0x76, 0x1f,
  0xe9, 0x79, 0x1c, 0x27, 0x8a, 0xdc, 0xf7, 0x71, 0x1d, 0x79, 0x6e, 0x17, 0x4a, 0x5a, 0x59, 0x8a,
  0x7a, 0x1e, 0xf7, 0x9d, 0x5f, 0x17, 0x8a, 0xa1, 0xf7, 0x91, 0x60, 0x56, 0x8a, 0x5e, 0xd8, 0x9d,
  0x5c, 0x76, 0x82, 0x9c, 0xe8, 0x59, 0xe2, 0x9a, 0x55, 0xe2, 0xb8, 0x79, 0x1e, 0x18, 0x72, 0xdc,
  0x77, 0x92, 0xdd, 0x27, 0x96, 0xa1, 0xf6, 0x8d, 0x63, 0xc8, 0x7d, 0xa6, 0xc8, 0x7d, 0xa1, 0x18,
  0x72, 0x20, 0xd9, 0x7d, 0xe3, 0x27, 0xaa, 0x1b, 0x75, 0xa6, 0x15, 0x66, 0x7e, 0x1c, 0xf9, 0x59,
  0x1e, 0x19, 0x76, 0x5e, 0x48, 0x82, 0x1d, 0xf9, 0x6d, 0x23, 0x19, 0x7e, 0x20, 0xb8, 0x75, 0x5f,
  0x47, 0x9e, 0x59, 0x77, 0x82, 0x54, 0xc8, 0x7e, 0xdf, 0x18, 0x96, 0xdd, 0xc5, 0x85, 0xe7, 0x78,
  0x69, 0xa7, 0x67, 0x6d, 0x9d, 0xe9, 0x81, 0x67, 0x75, 0x91, 0xe1, 0x48, 0x76, 0x64, 0xc9, 0x7d,
  0x9e, 0x96, 0xa5, 0x2b, 0xb7, 0x7d, 0x5f, 0x09, 0x76, 0xe0, 0x37, 0xa6, 0xe3, 0x95, 0x85, 0xa1,
  0x17, 0x86, 0x1f, 0x28, 0x6e, 0x14, 0x89, 0x6e, 0xd8, 0x59, 0x62, 0x61, 0x97, 0x7d, 0xe3, 0x18,
  0xa2, 0x23, 0xa5, 0x9d, 0x1e, 0x28, 0x86, 0xa2, 0x49, 0x5a, 0xd6, 0x89, 0x72, 0x9a, 0xa8, 0x7a,
  0x56, 0x08, 0x86, 0x60, 0x58, 0x7a, 0xdf, 0x66, 0x8d, 0xe3, 0x27, 0xa6, 0xa2, 0x96, 0x79, 0xdb,
  0x68, 0x66, 0x21, 0xc9, 0x75, 0x1f, 0xd7, 0x7d, 0x23, 0x2a, 0x66, 0x60, 0xf9, 0x81, 0xe3, 0xf5,
  0xa9, 0x61, 0x96, 0x7d, 0x63, 0x37, 0xa2, 0x1e, 0xb6, 0x75, 0x1d, 0xb8, 0x75, 0x68, 0xea, 0x5d,
  0xdf, 0x28, 0x76, 0x5d, 0x28, 0x92, 0xd7, 0x56, 0x7a, 0xdf, 0x06, 0xa6, 0x60, 0x06, 0x7e, 0xdd,
  0x68, 0x7a, 0xe0, 0xca, 0x55, 0x26, 0xca, 0x7d, 0x23, 0xd9, 0x71, 0x1f, 0xe7, 0x8d, 0x60, 0xf8,
  0x89, 0xde, 0x75, 0xaa, 0x96, 0x76, 0x8e, 0x60, 0x97, 0x7d, 0xa1, 0xc8, 0x61, 0x28, 0x6a, 0x4d,
  0x21, 0xc9, 0x79, 0x69, 0xe9, 0x75, 0x9c, 0x78, 0x6e, 0x9d, 0x4a, 0x6e, 0x5c, 0xb7, 0x95, 0x21,
  0x46, 0x92, 0x5c, 0x98, 0x5d, 0xe5, 0xb9, 0x81, 0xa7, 0x88, 0x7d, 0xa2, 0x78, 0x72, 0x9c, 0x49,
  0x72, 0x99, 0x87, 0x72, 0x59, 0x58, 0x92, 0xa1, 0xf7, 0x81, 0x1f, 0x08, 0x96, 0xa2, 0x17, 0x62,
  0xdc, 0xca, 0x51, 0x26, 0x79, 0x71, 0x1b, 0x47, 0x8e, 0xda, 0xa7, 0x92, 0xdd, 0xb6, 0x95, 0xe4,
  0x37, 0x9a, 0x5f, 0xb5, 0x9d, 0xe2, 0xe5, 0x99, 0xe4, 0x96, 0x89, 0xe6, 0xd6, 0x9d, 0x62, 0x37,
  0x7a, 0x1b, 0x2a, 0x7a, 0x60, 0x77, 0x8a, 0x55, 0x16, 0x82, 0x5d, 0xb9, 0x85, 0x69, 0xb7, 0x79,
  0xe3, 0xb8, 0x7d, 0x63, 0xc9, 0x79, 0xa2, 0x07, 0x92, 0x1b, 0xa6, 0x96, 0x57, 0xe6, 0xa1, 0xa5,
  0x46, 0xaa, 0x59, 0x15, 0x9a, 0x9e, 0x58, 0x66, 0x9f, 0xc8, 0x6d, 0x9c, 0x59, 0x72, 0x9a, 0xf8,
  0x69, 0x1f, 0x09, 0x6a, 0xdc, 0x29, 0x7e, 0x5c, 0x57, 0x8e, 0xe2, 0x18, 0x96, 0x21, 0xb6, 0x9d,
  0xa3, 0x76, 0xae, 0x9e, 0xb5, 0x71, 0x65, 0xa8, 0x81, 0x21, 0xc9, 0x61, 0x21, 0x47, 0x9a, 0x1a,
  0x58, 0x6e, 0x9a, 0x96, 0x7d, 0x27, 0xa9, 0x7d, 0x21, 0x98, 0x6d, 0xe6, 0xb8, 0x95, 0xa6, 0xe7,
  0x75, 0x5d, 0x59, 0x86, 0x65, 0x08, 0x8a, 0xdb, 0x57, 0x7e, 0x9c, 0x39, 0x72, 0x9f, 0xd7, 0x89,
  0xdd, 0x87, 0x82, 0x5c, 0xa6, 0x75, 0x21, 0xd9, 0x6d, 0xa4, 0xd7, 0x81, 0x1a, 0xa8, 0x65, 0xa9,
  0xe9, 0x79, 0x5c, 0x39, 0x7e, 0xdc, 0x88, 0x6e, 0x1a, 0xf9, 0x71, 0xe3, 0x38, 0x8a, 0x1c, 0x39,
  0x72, 0x9d, 0x48, 0x62, 0x5a, 0x2a, 0x66, 0xdc, 0x16, 0x8e, 0xe2, 0xb6, 0x8d, 0x21, 0xa8, 0x5d,
  0xe7, 0xa9, 0x6d, 0xe2, 0x08, 0x76, 0x20, 0xf8, 0x91, 0xa0, 0xd6, 0x7d, 0x23, 0x19, 0x86, 0x5d,
  0x68, 0x82, 0xe0, 0xb7, 0xa5, 0x26, 0x17, 0x66, 0xda, 0x49, 0x82, 0x5b, 0x16, 0x7e, 0xdc, 0x07,
  0x7a, 0xa0, 0x28, 0x62, 0xe1, 0xd8, 0x8d, 0x23, 0xe7, 0x8d, 0xe4, 0x75, 0x81, 0xa4, 0xa7, 0x9d,
  0xe5, 0x06, 0xa6, 0x21, 0x15, 0x9a, 0xe5, 0xf8, 0x7d, 0x58, 0x78, 0x8a, 0x58, 0x76, 0x8e, 0x96,
  0x16, 0x76, 0xdf, 0x27, 0x92, 0xe2, 0x08, 0x6e, 0x9e, 0x39, 0x6e, 0x23, 0xda, 0x5d, 0x60, 0xb8,
  0x85, 0x23, 0xe8, 0x7d, 0xe1, 0xf6, 0x8d, 0x24, 0x28, 0x9e, 0xdd, 0x35, 0x96, 0x60, 0x08, 0x76,
  0x9b, 0xd7, 0x6d, 0x1c, 0x18, 0x76, 0x5a, 0x9a, 0x66, 0x99, 0x39, 0x6e, 0xdf, 0x29, 0x72, 0xdc,
  0x07, 0x86, 0xe3, 0xb6, 0xa1, 0xa4, 0x55, 0x79, 0x6b, 0xd7, 0x9d, 0x64, 0xc7, 0x85, 0x5e, 0x48,
  0x8a, 0xe5, 0xa7, 0x79, 0x17, 0xa8, 0x8e, 0xdd, 0x46, 0xa2, 0x97, 0x85, 0x9e, 0xd9, 0x68, 0x66,
  0x9d, 0xb8, 0x85, 0x60, 0x07, 0x86, 0xa4, 0x77, 0x65, 0x20, 0xb8, 0x91, 0x29, 0xd9, 0x61, 0x9e,
  0x38, 0x92, 0xdd, 0x67, 0x8a, 0x1d, 0x07, 0x7a, 0x5f, 0x39, 0x86, 0x20, 0xb7, 0x69, 0x21, 0xf8,
  0x99, 0xe7, 0xb7, 0x5d, 0xd9, 0x38, 0x7e, 0xa1, 0xf9, 0x6d, 0x9b, 0xf6, 0x99, 0x61, 0x89, 0x76,
  0x57, 0x18, 0x7a, 0x63, 0xb7, 0x91, 0x2a, 0x57, 0x81, 0xe6, 0xc7, 0x85, 0xa7, 0xc8, 0x71, 0x97,
  0x57, 0x7a, 0x26, 0xf9, 0x9d, 0x5f, 0x05, 0x82, 0x1a, 0x89, 0x96, 0x5c, 0xd6, 0x69, 0x5f, 0x09,
  0x92, 0x26, 0x88, 0x61, 0x1c, 0x69, 0x82, 0x5c, 0x28, 0x72, 0xe1, 0x95, 0xa5, 0x21, 0x68, 0x7a,
  0x60, 0xd7, 0x7d, 0xa5, 0xa9, 0x81, 0xe9, 0x78, 0x69, 0x5e, 0x37, 0x96, 0xa2, 0xe7, 0x75, 0x9d,
  0xb7, 0x7d, 0x63, 0x48, 0x7a, 0x16, 0x48, 0x7a, 0xe4, 0x57, 0xa6, 0x17, 0xf7, 0x65, 0x22, 0xa8,
  0x95, 0x67, 0x97, 0x89, 0xe2, 0x26, 0xa2, 0xdd, 0x47, 0x7a, 0xda, 0x77, 0x8a, 0x1e, 0x19, 0x62,
  0x5a, 0x17, 0x7a, 0xdd, 0x29, 0x66, 0xdb, 0x58, 0x7a, 0x9c, 0x28, 0x7a, 0x26, 0xc9, 0x7d, 0x9d,
  0x36, 0x96, 0x9b, 0x36, 0x82, 0x5b, 0x08, 0x6e, 0x60, 0x5a, 0x6e, 0x59, 0x47, 0x86, 0x1a, 0xa9,
  0x86, 0x5e, 0x67, 0x79, 0xe6, 0xe6, 0x91, 0x5e, 0x18, 0x76, 0x1f, 0x28, 0x7e, 0x62, 0x09, 0x62,
  0x1a, 0x29, 0x82, 0x24, 0x17, 0x92, 0xde, 0xd7, 0x69, 0x23, 0x19, 0x86, 0xa2, 0xe6, 0x99, 0x18,
  0x46, 0xaa, 0x9e, 0x05, 0x9a, 0x5a, 0xf7, 0x75, 0x62, 0xd9, 0x71, 0x23, 0xd7, 0x95, 0xa3, 0xe7,
  0x91, 0x63, 0xc6, 0x71, 0x58, 0xa9, 0x8a, 0x9e, 0xe5, 0x89, 0xa0, 0xb8, 0x7d, 0xe4, 0x08, 0x62,
  0x5e, 0x39, 0x82, 0x22, 0x88, 0x81, 0xe7, 0x77, 0x8d, 0x21, 0x57, 0x96, 0xe0, 0x87, 0x81, 0xe9,
  0xb6, 0x99, 0x61, 0xe7, 0x7d, 0x5a, 0x57, 0x82, 0x1b, 0xe8, 0x71, 0x65, 0x69, 0x65, 0xa9, 0xf9,
  0x85, 0x22, 0xf8, 0x6d, 0x66, 0x09, 0x72, 0x9a, 0xe8, 0x5d, 0x62, 0xe8, 0x99, 0xa7, 0x96, 0x89,
  0xe1, 0x27, 0x8a, 0x5e, 0xd7, 0x89, 0x61, 0xf6, 0xa5, 0x5a, 0x36, 0x86, 0x58, 0x87, 0x86, 0x5a,
  0x79, 0x76, 0xde, 0x08, 0x76, 0xa1, 0x18, 0x7a, 0x62, 0xb8, 0x7d, 0xe0, 0xf6, 0x85, 0x63, 0xd7,
  0x85, 0x63, 0x87, 0x85, 0xe7, 0x27, 0x86, 0x9a, 0x27, 0x8e, 0x1b, 0x57, 0x8e, 0x1c, 0xd7, 0x91,
  0x21, 0x66, 0x9e, 0xdd, 0xd8, 0x75, 0x63, 0xc8, 0x69, 0x21, 0x19, 0x72, 0x1b, 0x69, 0x66, 0x1d,
  0xc9, 0x75, 0xa6, 0xb7, 0x79, 0xe1, 0x76, 0x99, 0xe6, 0x17, 0x66, 0x1e, 0xf8, 0x95, 0x1f, 0x37,
  0x8a, 0x9e, 0x18, 0x8e, 0x60, 0x27, 0x86, 0x5b, 0x77, 0x86, 0x96, 0x78, 0x6a, 0x20, 0xfa, 0x7d,
  0x9e, 0x57, 0x7a, 0x5d, 0x18, 0x7e, 0x9c, 0x59, 0x62, 0x5c, 0xa8, 0x75, 0xa3, 0xb8, 0x69, 0x23,
  0xb7, 0x95, 0x62, 0x17, 0x9e, 0x60, 0xd6, 0x8d, 0xe2, 0x07, 0x7e, 0xe1, 0xc7, 0x95, 0x1c, 0x67,
  0x86, 0x1c, 0x89, 0x76, 0xdb, 0x28, 0x7e, 0xe2, 0xe7, 0x99, 0xa3, 0xd7, 0x5d, 0xde, 0xe8, 0x65,
  0xdd, 0xd9, 0x69, 0x21, 0xd7, 0x95, 0x2c, 0xb9, 0x69, 0xdc, 0x07, 0x8a, 0xe6, 0xf6, 0xb5, 0x19,
  0x75, 0x7e, 0xd7, 0x47, 0x92, 0x5d, 0x66, 0x9e, 0x9c, 0x17, 0x76, 0x24, 0xcb, 0x51, 0xdf, 0xc8,
  0x71, 0x62, 0xf9, 0x69, 0xa1, 0xb8, 0x69, 0x23, 0x3a, 0x8e, 0x60, 0x36, 0xa2, 0x9b, 0x05, 0xa2,
  0x68, 0xe7, 0x85, 0xd7, 0x26, 0x86, 0x26, 0xf9, 0x71, 0x9c, 0x07, 0x9a, 0xa4, 0x18, 0x6e, 0xd9,
  0x18, 0x62, 0xde, 0x38, 0x76, 0xe0, 0x88, 0x7d, 0x61, 0x26, 0x8a, 0x60, 0x98, 0x7d, 0xea, 0x57,
  0x89, 0x26, 0x18, 0x86, 0xdc, 0x47, 0x82, 0x5a, 0x67, 0xa6, 0x60, 0x25, 0x9e, 0x17, 0x87, 0x92,
  0xda, 0x97, 0x62, 0x9a, 0xc8, 0x81, 0x6a, 0xb8, 0x6d, 0x1f, 0x57, 0x89, 0x6a, 0x87, 0x91, 0xa3,
  0xa6, 0x8d, 0x64, 0x28, 0x7e, 0x1e, 0xe7, 0x7d, 0x5e, 0x27, 0xa2, 0xa4, 0xd6, 0x89, 0xa0, 0x07,
  0x7e, 0xa6, 0xd8, 0x8d, 0xe2, 0xf6, 0x75, 0x9d, 0x7a, 0x66, 0xda, 0x27, 0x6a, 0x56, 0x78, 0x8a,
  0x9c, 0xc8, 0x71, 0x65, 0x37, 0x8d, 0xad, 0x99, 0x4d, 0x9d, 0x98, 0x71, 0xa7, 0x1a, 0x72, 0x1e,
  0xe8, 0x7d, 0x5b, 0xa8, 0x92, 0x18, 0x37, 0x8a, 0x19, 0x59, 0x76, 0xdc, 0x37, 0x6a, 0x55, 0x68,
  0x7a, 0xe2, 0xd8, 0x89, 0x66, 0x67, 0x6d, 0x23, 0x5a, 0x8a, 0x20, 0xc8, 0x61, 0x61, 0xf8, 0x91,
  0x5f, 0x07, 0x7e, 0x5b, 0xc6, 0x95, 0x2b, 0x98, 0x99, 0x21, 0x15, 0xa2, 0xa0, 0x38, 0x72, 0x18,
  0x07, 0x7e, 0x5a, 0x88, 0x82, 0x9a, 0x28, 0x5e, 0x9c, 0x28, 0x7a, 0xa4, 0xca, 0x65, 0x64, 0x78,
  0x75, 0xe6, 0x67, 0x79, 0x23, 0xe7, 0x99, 0xe0, 0x46, 0xaa, 0xe4, 0x86, 0x85, 0xe6, 0xf7, 0x89,
  0xe0, 0x69, 0x76, 0x57, 0x66, 0x8a, 0x57, 0x89, 0x6a, 0x9a, 0xf7, 0x81, 0x23, 0x28, 0x86, 0x9a,
  0xf8, 0x69, 0xa2, 0xc8, 0x79, 0xdc, 0x06, 0x76, 0x20, 0xe7, 0xa5, 0x66, 0xc6, 0x95, 0x21, 0xe7,
  0x89, 0x63, 0xf7, 0xa1, 0x22, 0x16, 0x86, 0x1d, 0x38, 0x7e, 0x9b, 0x67, 0x7a, 0x59, 0x79, 0x7a,
  0x20, 0xb8, 0x75, 0xdc, 0xe7, 0x85, 0x27, 0xe9, 0x65, 0xdf, 0xf7, 0x8d, 0x62, 0x27, 0x86, 0xe1,
  0xd7, 0x8d, 0xe1, 0x07, 0x72, 0xa3, 0x98, 0x7d, 0xa2, 0xd7, 0x89, 0x62, 0x07, 0x8e, 0x58, 0x76,
  0x8e, 0xa0, 0xa7, 0x7d, 0x20, 0xd7, 0x7d, 0xdd, 0x78, 0x96, 0x5d, 0x37, 0x7e, 0x1b, 0x28, 0x8e,
  0x21, 0x17, 0x7e, 0x23, 0x98, 0x89, 0x64, 0xe7, 0x81, 0xdd, 0xf6, 0x91, 0xe1, 0x58, 0x72, 0x9f,
  0x09, 0x72, 0x23, 0x19, 0x8a, 0x5e, 0xf6, 0x91, 0x5b, 0xf7, 0x69, 0xe4, 0xf8, 0x8d, 0x9d, 0x27,
  0x72, 0x9d, 0xe8, 0x69, 0x64, 0xda, 0x59, 0x20, 0x2a, 0x5e, 0xda, 0x28, 0x7a, 0xe1, 0x17, 0x8e,
  0xa0, 0x39, 0x72, 0x1f, 0xc7, 0x91, 0x63, 0xa8, 0x89, 0x69, 0x97, 0x69, 0x5c, 0x3a, 0x5a, 0x5b,
  0x5a, 0x72, 0x5f, 0x18, 0x8a, 0x9e, 0x57, 0x92, 0x1d, 0x28, 0x86, 0xdf, 0x16, 0x9a, 0xa2, 0x76,
  0x89, 0xe7, 0xc7, 0x95, 0x66, 0x97, 0x7d, 0x20, 0x97, 0x89, 0x26, 0xa7, 0x7d, 0x22, 0x29, 0x6a,
  0x99, 0x46, 0xa6, 0x19, 0x76, 0x92, 0x61, 0xd9, 0x69, 0xe0, 0xc8, 0x75, 0x25, 0x98, 0x89, 0x65,
  0xf8, 0x71, 0xa3, 0xe9, 0x69, 0x5d, 0x38, 0x9a, 0x9f, 0xf6, 0x85, 0x5d, 0x17, 0x7a, 0x9d, 0x48,
  0x82, 0x9f, 0xc8, 0x7d, 0x26, 0xb7, 0x8d, 0x26, 0xc9, 0x75, 0xdf, 0x18, 0x6a, 0x9b, 0xc8, 0x75,
  0x23, 0x49, 0x72, 0xdf, 0x78, 0x7e, 0xd3, 0xa8, 0x7a, 0xd7, 0xf6, 0xa1, 0x2b, 0x56, 0x8d, 0xe6,
  0x96, 0x7d, 0x60, 0x28, 0x96, 0xa0, 0x07, 0x92, 0x5e, 0x67, 0x7a, 0x5d, 0x28, 0x92, 0x5d, 0xd6,
  0x89, 0x20, 0xc7, 0x8d, 0xa6, 0xd8, 0x79, 0xa1, 0x07, 0x96, 0xe0, 0xf6, 0x89, 0x1e, 0x58, 0x6e,
  0xdb, 0x6a, 0x5a, 0x57, 0x17, 0x7e, 0x5d, 0x69, 0x7a, 0x5f, 0xc8, 0x85, 0xa3, 0x96, 0x99, 0xa9,
  0xc5, 0xad, 0x5f, 0xe5, 0x91, 0x26, 0xe8, 0x79, 0xd8, 0x27, 0x76, 0xe0, 0x79, 0x7a, 0x5b, 0x18,
  0x86, 0x5e, 0x37, 0x8e, 0xde, 0xd8, 0x61, 0x23, 0x98, 0x95, 0x22, 0xf7, 0x81, 0xdf, 0xd6, 0x7d,
  0xe3, 0x28, 0x8e, 0x1f, 0xb7, 0x85, 0x68, 0xf8, 0x81, 0x9e, 0x27, 0x76, 0x17, 0x69, 0x8e, 0x5e,
  0x26, 0x8a, 0x9c, 0xc7, 0x7d, 0x66, 0xf8, 0x85, 0x5e, 0x09, 0x52, 0x21, 0x1b, 0x52, 0x63, 0x3b,
  0x4d, 0xe7, 0xe8, 0x91, 0xa6, 0xd7, 0x91, 0x9b, 0x36, 0x8e, 0xe5, 0xa7, 0x89, 0x9f, 0x16, 0x9a,
  0x5c, 0x67, 0x92, 0xdc, 0xe5, 0x7d, 0xdf, 0x19, 0x86, 0x24, 0xf8, 0x81, 0x60, 0xf8, 0x79, 0x1f,
  0xf8, 0x75, 0x1b, 0x27, 0x82, 0x5a, 0x48, 0x7e, 0x9e, 0x85, 0x9d, 0xa7, 0xb7, 0x81, 0x66, 0x98,
  0x5d, 0xa1, 0xd8, 0x95, 0xe6, 0xd7, 0x79, 0x5a, 0x78, 0x9a, 0x9e, 0x27, 0x86, 0x9e, 0xf7, 0x89,
  0x20, 0x59, 0x72, 0x1b, 0xd9, 0x6d, 0x22, 0x5a, 0x6a, 0x9f, 0x88, 0x59, 0xe2, 0xa9, 0x71, 0x28,
  0x98, 0x69, 0x59, 0x38, 0x6e, 0x20, 0x09, 0x82, 0x9f, 0xe6, 0x95, 0x21, 0x88, 0x9a, 0x59, 0xc5,
  0x7d, 0x5f, 0x08, 0x82, 0x26, 0xe9, 0x5d, 0xda, 0x98, 0xa6, 0xd9, 0x87, 0x5e, 0xd6, 0x27, 0x8e,
  0x9f, 0x18, 0x7a, 0x1b, 0xa6, 0x85, 0xe7, 0xd8, 0x91, 0x66, 0xc7, 0x85, 0x27, 0xf8, 0xad, 0x20,
  0x05, 0x9e, 0x97, 0x15, 0x7a, 0x5e, 0x69, 0x72, 0x58, 0x47, 0x76, 0x5d, 0x48, 0x9a, 0xde, 0xb6,
  0x71, 0x63, 0xe9, 0x7d, 0xa8, 0x68, 0x5d, 0xdf, 0xd7, 0x7d, 0xe9, 0xa9, 0x79, 0xe1, 0x17, 0x86,
  0xdc, 0xa8, 0x82, 0x59, 0xe5, 0x99, 0x1f, 0x08, 0x9a, 0x62, 0xf5, 0x95, 0x1b, 0x88, 0x82, 0x60,
  0xd9, 0x75, 0x62, 0x09, 0x5a, 0x5c, 0x5a, 0x62, 0xdc, 0x87, 0x75, 0xe4, 0x08, 0x82, 0xa0, 0xe8,
  0x79, 0x1e, 0x27, 0xa2, 0xe4, 0x65, 0x91, 0x66, 0xe6, 0x9d, 0x61, 0x08, 0x6e, 0x9a, 0x47, 0x7a,
  0xe0, 0x39, 0x7e, 0x5b, 0x48, 0x72, 0x9f, 0xc8, 0x79, 0xa0, 0xb6, 0x89, 0x67, 0x18, 0x92, 0xe2,
  0xd7, 0x75, 0x60, 0xc8, 0x85, 0xe4, 0xd6, 0x79, 0x61, 0xb9, 0x71, 0xa3, 0xf8, 0x85, 0xdf, 0x15,
  0x9e, 0x19, 0x88, 0x7a, 0xe3, 0x97, 0x8d, 0x5a, 0x46, 0x96, 0xdf, 0xf6, 0x75, 0x5e, 0x39, 0x7e,
  0xe7, 0xe9, 0x81, 0x1f, 0xd6, 0x99, 0x27, 0xa8, 0x71, 0x1d, 0xb8, 0x75, 0xe8, 0xb7, 0x8d, 0xe1,
  0xc6, 0x85, 0xe3, 0x07, 0x8a, 0x5b, 0x67, 0x92, 0x19, 0x26, 0x82, 0x5e, 0xc8, 0x91, 0xe6, 0x17,
  0x7a, 0xdf, 0x49, 0x7e, 0x9c, 0x18, 0x62, 0x1e, 0x39, 0x86, 0x63, 0xc8, 0x75, 0x9d, 0xa6, 0x75,
  0xe3, 0xe8, 0x75, 0x26, 0xb8, 0x89, 0x1e, 0x38, 0x76, 0xdc, 0x47, 0x92, 0x1d, 0x68, 0x82, 0x9e,
  0x07, 0x92, 0x1c, 0x78, 0x72, 0x16, 0x99, 0x76, 0x97, 0x27, 0x7a, 0xda, 0x48, 0x6e, 0xe2, 0xa8,
  0x81, 0xe1, 0x07, 0x7a, 0xa2, 0xc8, 0x75, 0xe6, 0xc8, 0x79, 0x1f, 0xd7, 0x99, 0xe1, 0xa5, 0x96,
  0x97, 0x78, 0x9a, 0x9a, 0x05, 0x92, 0xe3, 0xb8, 0x69, 0x9e, 0x69, 0x72, 0x9d, 0xb8, 0x6d, 0x5c,
  0x48, 0x76, 0xe5, 0xc9, 0x6d, 0x22, 0x08, 0x82, 0xe2, 0xd7, 0x75, 0x1d, 0xf7, 0x85, 0xdd, 0x16,
  0x86, 0x1f, 0x07, 0x9e, 0xe8, 0x86, 0x91, 0x67, 0xf9, 0x59, 0xa1, 0xe9, 0x71, 0x5a, 0x99, 0x6e,
  0x57, 0xf7, 0x75, 0x5e, 0x68, 0x9e, 0x5c, 0x48, 0x72, 0x5e, 0xb8, 0x7d, 0x28, 0x77, 0x79, 0xe0,
  0x08, 0x72, 0x25, 0x99, 0x69, 0x62, 0x19, 0x7e, 0x61, 0x48, 0x9a, 0x1f, 0x16, 0x82, 0x9b, 0xf8,
  0x75, 0xde, 0xf7, 0x75, 0x61, 0x98, 0x89, 0xa5, 0xd6, 0xa1, 0xa6, 0x67, 0x85, 0x27, 0xc8, 0x69,
  0x5c, 0x59, 0x86, 0x5d, 0x17, 0x8e, 0xe3, 0xe5, 0x95, 0x5b, 0x57, 0x96, 0x1e, 0xc7, 0x81, 0x2a,
  0x79, 0x71, 0x26, 0xb8, 0x71, 0xdf, 0x68, 0x9a, 0x5d, 0xf6, 0x85, 0xdc, 0xf6, 0x8d, 0x21, 0x07,
  0x8a, 0x55, 0xa6, 0xa2, 0x60, 0xb8, 0x71, 0xe1, 0xc8, 0x6d, 0xe7, 0xc8, 0x81, 0xa2, 0x08, 0x76,
  0x9b, 0x48, 0x72, 0x21, 0xd9, 0x71, 0x60, 0x48, 0x8a, 0x1d, 0x68, 0x82, 0xd7, 0xa6, 0x69, 0x64,
  0xe9, 0x75, 0x69, 0x58, 0x69, 0x62, 0x69, 0xa2, 0x61, 0xe8, 0x69, 0x5b, 0x57, 0x9a, 0xde, 0x47,
  0x7e, 0xd7, 0xe5, 0xa1, 0x23, 0xe7, 0x71, 0x5d, 0xf8, 0x81, 0x66, 0x18, 0xa2, 0xe8, 0xa6, 0x7d,
  0xd9, 0x66, 0x8a, 0xe2, 0x59, 0x5e, 0x95, 0x68, 0x72, 0x5b, 0x49, 0x82, 0x9b, 0xf6, 0x85, 0x9e,
  0x27, 0x96, 0xe1, 0x45, 0x69, 0x22, 0x38, 0xaa, 0xe5, 0xc7, 0x75, 0x1a, 0x97, 0x8a, 0x60, 0x1a,
  0x6e, 0x1c, 0x28, 0x8e, 0xa4, 0xf7, 0x79, 0xde, 0xe7, 0x69, 0x22, 0xaa, 0x65, 0xea, 0x68, 0x79,
  0x1f, 0x27, 0x9a, 0x22, 0xe7, 0x6d, 0x1c, 0x08, 0x82, 0x24, 0x4a, 0x7e, 0x60, 0x98, 0x85, 0x24,
  0x37, 0x9e, 0xde, 0x94, 0x8d, 0x5d, 0xb8, 0x96, 0xa0, 0x66, 0x7d, 0xdf, 0x98, 0x86, 0x9e, 0x69,
  0x5a, 0x13, 0x68, 0x76, 0xe3, 0x78, 0x75, 0xe0, 0xd6, 0x91, 0xe3, 0x27, 0x8e, 0x9b, 0x77, 0x7e,
  0x55, 0x97, 0x9a, 0x1b, 0x18, 0x5a, 0x9d, 0x18, 0x86, 0x21, 0x5a, 0x72, 0x1f, 0x98, 0x7d, 0x2a,
  0x0a, 0x8a, 0xa4, 0x45, 0x7d, 0x9f, 0x46, 0xaa, 0x5e, 0x86, 0x65, 0x1e, 0x29, 0x8a, 0xa4, 0x07,
  0x7a, 0x9a, 0x17, 0x8e, 0x66, 0x19, 0x72, 0x20, 0xa7, 0x8d, 0xa1, 0x37, 0x9a, 0xe0, 0xd7, 0x69,
  0xe3, 0xe8, 0x91, 0x64, 0x08, 0x6e, 0x15, 0xe7, 0x85, 0x69, 0xb8, 0x89, 0xe1, 0x84, 0x8d, 0x24,
  0xea, 0x6d, 0x27, 0x57, 0x79, 0x9d, 0xd7, 0xb2, 0x16, 0x76, 0x72, 0x95, 0x99, 0x72, 0x9e, 0x2a,
  0x62, 0xdb, 0x16, 0x96, 0x22, 0x19, 0x62, 0x9c, 0xd8, 0x75, 0x64, 0xc8, 0x89, 0xe6, 0xa8, 0x6d,
  0xdf, 0x17, 0x82, 0xa1, 0x08, 0x6e, 0x9a, 0x17, 0x86, 0x25, 0x09, 0x82, 0xa1, 0x96, 0x8d, 0xa3,
  0xa8, 0x92, 0x9e, 0x98, 0x69, 0xa4, 0x17, 0x8e, 0xdb, 0x06, 0x72, 0x95, 0x98, 0x7e, 0x5c, 0xb8,
  0x6d, 0xe4, 0xb8, 0x89, 0xe7, 0xc7, 0x81, 0x23, 0xc7, 0x85, 0xe1, 0xa7, 0x75, 0xe2, 0xe7, 0x95,
  0xa3, 0xc6, 0x95, 0xe7, 0x07, 0x8e, 0x20, 0x58, 0x7a, 0x55, 0x98, 0x6e, 0x95, 0x57, 0x92, 0x5e,
  0x27, 0x96, 0xdd, 0x27, 0x66, 0x5b, 0x49, 0x7e, 0x24, 0x69, 0x61, 0xa7, 0xd9, 0x69, 0x5b, 0xd8,
  0x71, 0xa0, 0x37, 0x9a, 0x65, 0xa7, 0x89, 0xe1, 0xf7, 0x89, 0xa2, 0xd7, 0x91, 0xde, 0x37, 0x6e,
  0x1e, 0xe8, 0x89, 0xdf, 0x27, 0x7e, 0x59, 0x38, 0x7a, 0x1e, 0x08, 0x6e, 0xdf, 0xa8, 0x75, 0xe0,
  0x78, 0x8a, 0x5e, 0xe6, 0x9d, 0x1f, 0x58, 0x7e, 0x66, 0x87, 0x81, 0x23, 0x08, 0x96, 0xe3, 0xf7,
  0x85, 0xe0, 0x37, 0x92, 0x1e, 0x27, 0x76, 0x18, 0x18, 0x7a, 0xa2, 0xa7, 0x6d, 0xe0, 0xd8, 0x75,
  0xde, 0x27, 0x82, 0xde, 0x28, 0x92, 0xa9, 0x66, 0x91, 0x25, 0x08, 0x76, 0xe3, 0x86, 0x91, 0xe3,
  0xf7, 0x89, 0xe2, 0x38, 0x6e, 0xe0, 0x28, 0x8e, 0xa2, 0xd7, 0x89, 0x64, 0x88, 0x6d, 0xa3, 0xc7,
  0x7d, 0xa2, 0xc8, 0x81, 0x26, 0xc7, 0x95, 0x60, 0x68, 0x82, 0x18, 0xe7, 0x7d, 0x63, 0x17, 0xa2,
  0x9c, 0xa5, 0x75, 0x1e, 0x58, 0x92, 0x1e, 0x48, 0x86, 0x9f, 0x77, 0xa6, 0xde, 0x47, 0x7e, 0x99,
  0x17, 0x6a, 0x1d, 0x59, 0x6e, 0x5a, 0x09, 0x5e, 0x9b, 0x68, 0x8a, 0x1d, 0xd7, 0x85, 0x9e, 0xf7,
  0x95, 0xa7, 0x07, 0x7e, 0x1e, 0xa8, 0x7d, 0xa5, 0x68, 0x9e, 0x1f, 0x37, 0x8a, 0x5e, 0x69, 0x72,
  0xe0, 0x76, 0x99, 0x60, 0x46, 0x92, 0x5e, 0xc7, 0x79, 0xdf, 0x07, 0x72, 0x9f, 0xe8, 0x6d, 0x60,
  0xb8, 0x75, 0x9f, 0x19, 0x6e, 0x1f, 0x38, 0x7e, 0xe2, 0xd8, 0x81, 0xe6, 0x28, 0x92, 0xa0, 0xe6,
  0xa1, 0xdf, 0xe5, 0x8d, 0x20, 0xf7, 0x8d, 0x22, 0x79, 0x7e, 0x1a, 0x08, 0x62, 0x60, 0x3a, 0x62,
  0x57, 0x38, 0x7e, 0x9f, 0x08, 0x6a, 0xdd, 0xd7, 0x81, 0x61, 0x89, 0x86, 0x1d, 0x09, 0x6a, 0xe0,
  0xc8, 0x7d, 0x66, 0x88, 0x6d, 0xe6, 0x77, 0x85, 0xe1, 0x37, 0x8a, 0x5e, 0x06, 0x8e, 0x9f, 0x38,
  0x92, 0x9a, 0x36, 0x72, 0x5b, 0x08, 0x92, 0x25, 0xe8, 0x5d, 0x5e, 0x98, 0x85, 0x69, 0x2a, 0x6e,
  0x5c, 0xc7, 0x89, 0x63, 0x48, 0x86, 0x9a, 0xf6, 0x85, 0xa0, 0x58, 0x96, 0x1d, 0xc7, 0x65, 0x9c,
  0xf7, 0x8d, 0x6b, 0xba, 0x71, 0x1a, 0xf7, 0x7d, 0xa6, 0xc7, 0x95, 0xa0, 0x86, 0x75, 0xa1, 0x77,
  0xaa, 0xda, 0xf6, 0x71, 0x1d, 0x48, 0xa2, 0x25, 0xe8, 0x85, 0xdd, 0xe5, 0x85, 0x28, 0x0b, 0x6a,
  0x5b, 0xa5, 0x85, 0x21, 0x69, 0x8a, 0xdb, 0xc5, 0x7d, 0x9c, 0x68, 0x8e, 0xe3, 0x97, 0x6d, 0x23,
  0x28, 0x9e, 0x9f, 0x38, 0x66, 0x9f, 0xa7, 0x9d, 0x26, 0x17, 0xa2, 0x61, 0x06, 0x76, 0x5c, 0x88,
  0x82, 0x59, 0x29, 0x62, 0xd5, 0x48, 0x5e, 0x5e, 0xc8, 0x71, 0x58, 0x16, 0x8e, 0xa7, 0xf9, 0x79,
  0xe0, 0xb7, 0x91, 0xe7, 0xe7, 0x91, 0xdf, 0xc6, 0x79, 0x63, 0x28, 0x86, 0xdb, 0x27, 0x82, 0x5e,
  0x07, 0x96, 0xa8, 0xf7, 0x85, 0xde, 0x08, 0x7e, 0x1f, 0x28, 0x76, 0x1a, 0xe7, 0x89, 0xe2, 0x16,
  0xa2, 0xe2, 0x75, 0x71, 0x62, 0x09, 0x7a, 0x60, 0x98, 0x69, 0x65, 0x97, 0x89, 0x20, 0x59, 0x66,
  0x98, 0xf7, 0x99, 0xe8, 0xf8, 0x89, 0x21, 0xb6, 0x91, 0x22, 0x89, 0x8e, 0x5d, 0x07, 0x7a, 0xde,
  0x08, 0x7a, 0x67, 0x79, 0x5d, 0xdb, 0x38, 0x72, 0x9c, 0x28, 0x7e, 0x5e, 0xf8, 0x6d, 0x23, 0x59,
  0x8e, 0x1b, 0xf6, 0x91, 0x9e, 0x06, 0xa2, 0xa6, 0x97, 0x69, 0x9f, 0x08, 0x82, 0x67, 0xfa, 0x75,
  0x19, 0x77, 0x82, 0x5b, 0x59, 0x6e, 0x18, 0xe6, 0x91, 0x9d, 0x07, 0x8a, 0xe4, 0xe6, 0x89, 0x61,
  0x08, 0x82, 0x63, 0x48, 0x8e, 0x9f, 0xd7, 0x8d, 0x63, 0xf8, 0x79, 0x5b, 0xf7, 0x7d, 0x20, 0x88,
  0xa2, 0x5d, 0x37, 0x86, 0x5c, 0x47, 0x8e, 0x98, 0x17, 0x7a, 0xa2, 0x77, 0x65, 0x20, 0xa9, 0x61,
  0xe3, 0xd8, 0x75, 0x22, 0x09, 0x72, 0xe0, 0x17, 0x8e, 0x5f, 0x07, 0x9a, 0xa1, 0x16, 0xa6, 0x60,
  0xb5, 0xa1, 0xa7, 0x08, 0x82, 0xe4, 0xc9, 0x69, 0xa1, 0xd7, 0x81, 0x5d, 0x69, 0x72, 0xdb, 0x18,
  0x62, 0x9c, 0xe8, 0x79, 0x61, 0xe7, 0x85, 0x65, 0xd8, 0x91, 0xa1, 0xb5, 0xa1, 0x20, 0xc6, 0x8d,
  0xa6, 0xc8, 0x7d, 0xe5, 0xe7, 0x85, 0x9b, 0x97, 0x8e, 0xd8, 0x88, 0x62, 0x55, 0x98, 0x82, 0xde,
  0xd7, 0x85, 0x23, 0x29, 0x76, 0x9d, 0x19, 0x62, 0x62, 0xa9, 0x75, 0xa3, 0xa8, 0x5d, 0x5e, 0xe9,
  0x61, 0x1f, 0x29, 0x82, 0xa4, 0x48, 0x92, 0x1c, 0x36, 0xa6, 0x9f, 0xe6, 0x95, 0xe4, 0xe5, 0x91,
  0x18, 0x27, 0x7e, 0xa4, 0xa8, 0x7d, 0xe7, 0xc8, 0x81, 0xdf, 0x28, 0x6e, 0x1d, 0x18, 0x82, 0xdd,
  0xf7, 0x75, 0x63, 0xc7, 0x9d, 0x64, 0x16, 0xaa, 0x61, 0xe7, 0x81, 0xa5, 0x77, 0x75, 0x5e, 0x68,
  0x72, 0x95, 0x37, 0x7e, 0x9a, 0xf5, 0x8d, 0xe0, 0x89, 0x76, 0xdc, 0x59, 0x6e, 0x1d, 0x19, 0x7e,
  0xe7, 0x97, 0x7d, 0x23, 0x0a, 0x6e, 0xe6, 0xa8, 0x69, 0x64, 0xa8, 0x85, 0x5f, 0x59, 0x62, 0x9b,
  0xb7, 0x6d, 0xa1, 0x18, 0x9a, 0xe0, 0xb5, 0x8d, 0xdf, 0x86, 0x9e, 0x9e, 0x07, 0x7e, 0x9d, 0xe7,
  0x9d, 0xa4, 0xe7, 0x71, 0x5f, 0xe8, 0x79, 0xa3, 0x38, 0x8a, 0x5d, 0x86, 0x81, 0xa8, 0xd8, 0x99,
  0x23, 0xc6, 0x89, 0x9f, 0xd5, 0xa9, 0x24, 0x17, 0x96, 0x5e, 0xf6, 0x95, 0xa2, 0x57, 0x7a, 0x18,
  0xe8, 0x65, 0xdc, 0x59, 0x62, 0x9a, 0x18, 0x6e, 0x5e, 0x59, 0x8e, 0xe9, 0x77, 0x81, 0xa5, 0xd8,
  0x81, 0x24, 0xd9, 0x71, 0xa2, 0x86, 0x6d, 0xe2, 0x17, 0x96, 0x9e, 0x07, 0x82, 0x20, 0xf9, 0x75,
  0x1f, 0x07, 0x8e, 0xdd, 0x46, 0x9a, 0x1b, 0x57, 0x7e, 0x17, 0x37, 0x92, 0xe0, 0x88, 0x96, 0x9f,
  0xf7, 0x75, 0xe4, 0xe9, 0x65, 0x9e, 0xb7, 0x79, 0x23, 0xb8, 0x79, 0xe0, 0xf6, 0x91, 0x5c, 0xa7,
  0xaa, 0x5b, 0x36, 0x9a, 0x1b, 0x56, 0x82, 0x9f, 0x39, 0x72, 0x58, 0x17, 0x72, 0x99, 0x48, 0x76,
  0x1d, 0xf9, 0x61, 0x63, 0x2a, 0x7a, 0x9e, 0x38, 0x6e, 0x1a, 0x38, 0x92, 0x26, 0xe9, 0x75, 0xda,
  0xc5, 0x91, 0xa5, 0xe9, 0x6d, 0x64, 0x58, 0x6d, 0xa7, 0x48, 0x8e, 0x1d, 0xa8, 0x51, 0x9f, 0x28,
  0xaa, 0x9f, 0xc5, 0x7d, 0xdc, 0x37, 0x8e, 0x61, 0x79, 0x8e, 0x1b, 0xc6, 0x8d, 0x2a, 0xd9, 0x8d,
  0x25, 0x57, 0x5d, 0xe3, 0xc7, 0x99, 0xa7, 0xc7, 0x81, 0x5f, 0x47, 0x8a, 0xe5, 0x19, 0x72, 0x1a,
  0xf7, 0x91, 0x20, 0x48, 0x82, 0x1b, 0x76, 0x69, 0xa1, 0x08, 0x8a, 0xa6, 0x88, 0x59, 0x9d, 0x79,
  0x7a, 0xe2, 0xf9, 0x75, 0x58, 0x57, 0x76, 0x1f, 0x39, 0x96, 0xe3, 0xe6, 0x7d, 0x20, 0x4a, 0x86,
  0xe5, 0x86, 0x79, 0x9d, 0x38, 0x7e, 0x63, 0xd8, 0x6d, 0x5b, 0xa6, 0x85, 0xa3, 0x49, 0x7a, 0xdc,
  0xe7, 0x7d, 0x1d, 0x78, 0x92, 0x1f, 0xd7, 0x89, 0x23, 0x08, 0x96, 0xa2, 0x86, 0x7d, 0x22, 0xd7,
  0x99, 0x65, 0xf6, 0x9d, 0xdd, 0xf6, 0x7d, 0x1c, 0x78, 0x8a, 0xd9, 0x16, 0x86, 0xa2, 0x37, 0x9e,
  0xdf, 0xc7, 0x71, 0xa5, 0x18, 0x76, 0x1b, 0xf8, 0x6d, 0xdd, 0xf7, 0x79, 0x20, 0x49, 0x6e, 0x5f,
  0xa9, 0x79, 0x64, 0x49, 0x76, 0xdc, 0x27, 0x86, 0x5c, 0x27, 0x8e, 0xa1, 0xd7, 0x79, 0x1e, 0x67,
  0xa6, 0x22, 0xd7, 0x75, 0x9d, 0xf9, 0x59, 0x61, 0x2a, 0x5e, 0x18, 0xc7, 0x81, 0x62, 0x28, 0x86,
  0xe0, 0xb6, 0x85, 0x20, 0x7a, 0x8e, 0xe0, 0xb6, 0x95, 0xe2, 0x95, 0x7d, 0x65, 0xd9, 0x75, 0xdd,
  0x36, 0xa2, 0xa3, 0x18, 0x82, 0x5e, 0xa7, 0x81, 0x65, 0x38, 0x92, 0x1b, 0x47, 0x7a, 0x97, 0x66,
  0x8e, 0xa1, 0x08, 0x86, 0x20, 0xb7, 0x75, 0xa3, 0xb9, 0x75, 0xa1, 0x76, 0x5d, 0xa2, 0x2a, 0x72,
  0x1f, 0xf9, 0x69, 0xdc, 0x58, 0x9e, 0x28, 0xb8, 0x69, 0xa0, 0xb7, 0x8d, 0x62, 0x38, 0x8a, 0xe5,
  0x76, 0x8d, 0x65, 0xe7, 0x7d, 0x22, 0xf9, 0x75, 0x20, 0xa7, 0x99, 0xe1, 0x16, 0x72, 0x57, 0x77,
  0x92, 0xe0, 0x48, 0x8e, 0x9e, 0xd7, 0x7d, 0x61, 0x09, 0x7a, 0xe4, 0xd7, 0x75, 0x5e, 0x07, 0x8a,
  0x9e, 0xc7, 0x71, 0xa4, 0x19, 0x76, 0x5c, 0x38, 0x92, 0x1e, 0xe6, 0x8d, 0xdb, 0x26, 0x7a, 0x9c,
  0xf7, 0x89, 0x1e, 0x47, 0x92, 0x9f, 0x38, 0x8e, 0x1f, 0x49, 0x5e, 0x5e, 0x2a, 0x6e, 0x5c, 0x68,
  0x72, 0x98, 0xf7, 0x79, 0x62, 0xf9, 0x7d, 0xa0, 0x27, 0xb2, 0x25, 0x96, 0x7d, 0xa7, 0x87, 0x7d,
  0x22, 0x87, 0x69, 0xdc, 0x38, 0x82, 0x1c, 0xe6, 0x91, 0xa3, 0x48, 0xa2, 0x1d, 0x46, 0x9a, 0x9c,
  0x46, 0x8a, 0xde, 0xa6, 0x85, 0xe1, 0xe6, 0x89, 0x64, 0x0a, 0x5e, 0x66, 0xfa, 0x65, 0x64, 0x99,
  0x6d, 0xe2, 0xd7, 0x81, 0x5d, 0x27, 0x86, 0x5d, 0x17, 0x92, 0xdf, 0xb6, 0x89, 0xa8, 0xf7, 0x95,
  0xa1, 0x97, 0x6d, 0xe0, 0x28, 0x6a, 0x5d, 0xf9, 0x79, 0x64, 0xe8, 0x7d, 0x1c, 0x78, 0x8e, 0x59,
  0x46, 0x96, 0xde, 0x27, 0x76, 0xdf, 0xc8, 0x71, 0x61, 0xf8, 0x7d, 0xa0, 0x18, 0x7e, 0xa2, 0x97,
  0x85, 0x23, 0x08, 0x76, 0xe0, 0x18, 0x82, 0x9b, 0x77, 0x9e, 0x5a, 0x67, 0x82, 0x5a, 0x48, 0x82,
  0x63, 0xc7, 0x79, 0xdd, 0xe7, 0x75, 0x20, 0xc9, 0x69, 0x24, 0xc9, 0x6d, 0xa0, 0xe7, 0x91, 0x20,
  0x27, 0x82, 0x5e, 0x17, 0x82, 0x9a, 0x48, 0x82, 0x1f, 0xb8, 0x71, 0xe7, 0x29, 0x7a, 0xdf, 0xa7,
  0x6d, 0xa0, 0x28, 0x92, 0xe3, 0xe6, 0x75, 0x5c, 0xe8, 0x89, 0xa1, 0x07, 0x86, 0xa1, 0x27, 0x92,
  0xa2, 0x08, 0x76, 0x22, 0x87, 0x99, 0x62, 0xf5, 0xa1, 0x20, 0x98, 0x65, 0x9e, 0x27, 0x82, 0xdf,
  0xa8, 0x8e, 0x95, 0x77, 0x7e, 0x61, 0x19, 0x6e, 0xde, 0xd8, 0x69, 0x23, 0x0a, 0x6a, 0x20, 0x98,
  0x79, 0x23, 0xf8, 0x85, 0xa6, 0x98, 0x69, 0x5f, 0xc6, 0x99, 0xe2, 0x07, 0x92, 0x60, 0xe6, 0x95,
  0x62, 0x58, 0x76, 0x9b, 0x58, 0x92, 0x22, 0xd8, 0x8d, 0xe6, 0xf7, 0x6d, 0x98, 0x48, 0x86, 0x25,
  0xb8, 0x75, 0x1d, 0xd7, 0x6d, 0xa3, 0x89, 0x65, 0x63, 0xc7, 0x89, 0xe4, 0xd7, 0x91, 0xe5, 0x76,
  0x85, 0xe8, 0xd7, 0xa5, 0x20, 0x05, 0x8e, 0x1c, 0x46, 0xaa, 0xe0, 0x06, 0x7e, 0xdd, 0x17, 0x92,
  0x65, 0x18, 0x6a, 0x1e, 0x2a, 0x66, 0x19, 0x39, 0x66, 0x1a, 0x29, 0x76, 0x1c, 0x47, 0xa2, 0xe1,
  0xe7, 0x59, 0x9b, 0xe8, 0x85, 0x2a, 0xa9, 0x65, 0x1d, 0xa7, 0x95, 0x28, 0x48, 0x8a, 0x5d, 0x18,
  0x76, 0x5e, 0xa8, 0xa6, 0x1a, 0xf6, 0x65, 0x57, 0x98, 0x92, 0xd9, 0x07, 0x6a, 0x9b, 0x17, 0x86,
  0xa5, 0x19, 0x72, 0x9e, 0xa6, 0x71, 0x5f, 0x39, 0x96, 0x23, 0x97, 0x6d, 0x1d, 0x79, 0x9e, 0x23,
  0xd7, 0x91, 0xdc, 0x75, 0xaa, 0x23, 0xc7, 0x71, 0x9d, 0x86, 0x79, 0x66, 0x49, 0x9a, 0x9e, 0x06,
  0x76, 0x9c, 0x89, 0x86, 0x21, 0x98, 0x5d, 0x9b, 0x68, 0x7e, 0x1e, 0xc8, 0x65, 0x5a, 0xd8, 0x85,
  0x28, 0x19, 0x86, 0x21, 0x87, 0x81, 0x2a, 0xa9, 0x75, 0xa5, 0xb8, 0x5d, 0x5a, 0x78, 0x8e, 0xe2,
  0xa8, 0x69, 0xa1, 0x08, 0x82, 0xe7, 0xe9, 0x65, 0x1c, 0x76, 0x95, 0x2a, 0x78, 0x71, 0x20, 0xc7,
  0x7d, 0x62, 0x58, 0x9a, 0xa0, 0x28, 0x7a, 0xa2, 0x78, 0xa2, 0x18, 0x36, 0x7e, 0xda, 0xc6, 0x89,
  0x1f, 0x37, 0x8e, 0xdd, 0xb6, 0x75, 0x62, 0x48, 0x8e, 0x20, 0xe8, 0x79, 0xe1, 0xf8, 0x69, 0x5e,
  0xe8, 0x6d, 0x1c, 0x38, 0x9e, 0xa5, 0x27, 0x86, 0xd8, 0x26, 0x9a, 0xe3, 0xf7, 0x7d, 0xdb, 0x07,
  0x72, 0x5e, 0x38, 0x82, 0x9a, 0x47, 0x86, 0x9d, 0x69, 0x7a, 0x63, 0xd8, 0x6d, 0x1c, 0x49, 0x82,
  0xa3, 0x88, 0x75, 0x24, 0x96, 0x95, 0xa1, 0xf8, 0x75, 0x26, 0x88, 0x6d, 0x61, 0xe8, 0x85, 0xa1,
  0xe7, 0x85, 0x9d, 0x87, 0x9e, 0x60, 0x17, 0x8a, 0x56, 0x65, 0xae, 0xa3, 0x28, 0x72, 0x96, 0x36,
  0x82, 0xde, 0x18, 0x7a, 0x60, 0xe8, 0x79, 0x22, 0x49, 0x86, 0x9d, 0x07, 0x6e, 0x1e, 0x09, 0x72,
  0xe0, 0xb8, 0x75, 0xe3, 0x08, 0x7e, 0x20, 0x78, 0x8e, 0x5e, 0xa8, 0x61, 0x20, 0xe8, 0x8d, 0xa1,
  0xa6, 0x75, 0xa0, 0xc7, 0x91, 0x64, 0x58, 0x76, 0x5a, 0x69, 0x8a, 0x22, 0xf8, 0x75, 0x1b, 0xf8,
  0x85, 0x28, 0x78, 0x6d, 0xa4, 0xd8, 0x81, 0x62, 0xe8, 0x91, 0xe9, 0x87, 0x81, 0x26, 0xe8, 0x85,
  0x57, 0xd6, 0x81, 0x23, 0xf8, 0x75, 0xda, 0xf6, 0x8d, 0xa2, 0x58, 0x8a, 0x9b, 0x27, 0x8e, 0xa2,
  0xc6, 0x89, 0x5e, 0xf7, 0x79, 0x1e, 0x28, 0x92, 0x5e, 0x27, 0x7e, 0x65, 0xba, 0x5d, 0x24, 0x6a,
  0x8a, 0x9e, 0xd7, 0x6d, 0x9f, 0xb7, 0x85, 0x26, 0x99, 0x65, 0x5f, 0x38, 0x8a, 0x1d, 0x28, 0x76,
  0x1f, 0xa8, 0x89, 0x22, 0x18, 0x7a, 0x9a, 0xb6, 0x7d, 0x27, 0xc8, 0x89, 0xa1, 0x38, 0x86, 0x21,
  0x28, 0x8e, 0xdf, 0xf6, 0x8d, 0x1e, 0xf6, 0x8d, 0x1d, 0xf8, 0x79, 0xa3, 0x28, 0x6e, 0x1a, 0x79,
  0x8e, 0xa3, 0xb8, 0x71, 0x1b, 0x48, 0x72, 0xda, 0x07, 0x7e, 0xdc, 0x16, 0x9e, 0x24, 0xf6, 0x9d,
  0xe0, 0x07, 0x7e, 0x20, 0x39, 0x8e, 0x5a, 0x26, 0x86, 0xdf, 0x18, 0x72, 0xa1, 0xf8, 0x8d, 0x61,
  0xe7, 0x79, 0x5e, 0xd8, 0x75, 0x9f, 0x38, 0x7a, 0x5d, 0x97, 0x6d, 0xe2, 0xa7, 0x81, 0xe5, 0xc8,
  0x81, 0xa8, 0x98, 0x61, 0xe3, 0x19, 0x8e, 0xe1, 0x17, 0x8a, 0xa4, 0x18, 0x92, 0xde, 0xe5, 0x79,
  0x19, 0x38, 0x92, 0xe5, 0xc7, 0x75, 0x9c, 0xc6, 0x95, 0xa8, 0x28, 0x76, 0xda, 0xd8, 0x71, 0xe7,
  0xc8, 0x7d, 0x5c, 0x27, 0x7a, 0x1d, 0x48, 0x86, 0x9c, 0x37, 0x76, 0x9a, 0x28, 0x8a, 0x24, 0x28,
  0x7e, 0xd7, 0xe5, 0x99, 0xa1, 0x47, 0x82, 0x61, 0xb8, 0x75, 0x24, 0x6a, 0x86, 0xdd, 0x06, 0x8a,
  0x22, 0x28, 0x8a, 0xda, 0x17, 0x66, 0x18, 0xf7, 0x85, 0xa2, 0x18, 0x72, 0x9c, 0xf7, 0x8d, 0xe7,
  0xd8, 0x7d, 0x62, 0xc7, 0x8d, 0x60, 0x28, 0x86, 0x21, 0xd8, 0x6d, 0x5e, 0x69, 0x72, 0xdf, 0xf9,
  0x7d, 0x62, 0xb6, 0x9d, 0x24, 0x08, 0x6e, 0x99, 0xc6, 0x7d, 0xde, 0x07, 0x8a, 0xe3, 0x86, 0x85,
  0xe3, 0x58, 0x7e, 0xa4, 0x19, 0x6e, 0xd8, 0x38, 0x8e, 0x25, 0xc7, 0x79, 0x99, 0x46, 0x96, 0x23,
  0xe9, 0x71, 0x5e, 0x28, 0x8e, 0xe2, 0x08, 0x6e, 0x5e, 0xe9, 0x61, 0xe0, 0xc8, 0x79, 0xa0, 0x18,
  0x6a, 0x1d, 0xa8, 0x8d, 0x28, 0xc8, 0x8d, 0xdd, 0x25, 0x8a, 0xa0, 0xf8, 0x8d, 0x60, 0x66, 0x79,
  0x66, 0x99, 0x96, 0x5b, 0x37, 0x7a, 0x9f, 0x09, 0x8a, 0xe5, 0x77, 0x6d, 0x5b, 0x47, 0x92, 0xe0,
  0x17, 0x8a, 0x1c, 0xa6, 0x95, 0xa9, 0xc7, 0x89, 0x21, 0x77, 0x6d, 0xa3, 0x08, 0x82, 0x23, 0xa7,
  0x81, 0x1d, 0xa8, 0x9e, 0x20, 0x49, 0x86, 0x1a, 0x05, 0xa6, 0x1e, 0x78, 0x7e, 0xda, 0xd7, 0x69,
  0x22, 0xe9, 0x91, 0x26, 0x67, 0x6d, 0xe6, 0xe9, 0x81, 0xe3, 0x77, 0x5d, 0x99, 0x67, 0x9a, 0x23,
  0xc8, 0x75, 0x9f, 0x17, 0x8a, 0x9f, 0x68, 0x8a, 0xdc, 0x06, 0x96, 0xa2, 0xe7, 0x69, 0x62, 0xe9,
  0x79, 0xe0, 0x37, 0x7a, 0xe0, 0x29, 0x6e, 0x16, 0x38, 0x7a, 0x9f, 0x98, 0x9a, 0x96, 0xf5, 0x81,
  0xa0, 0xc8, 0x7d, 0xe6, 0xe7, 0x81, 0x20, 0x59, 0x86, 0xdb, 0xd6, 0x75, 0xe2, 0x39, 0x72, 0x1e,
  0x49, 0x66, 0xd9, 0x27, 0x8a, 0x1f, 0x18, 0x8a, 0x63, 0x17, 0x86, 0x1d, 0xe8, 0x75, 0x22, 0xb8,
  0x79, 0x66, 0x87, 0x8d, 0xa3, 0x28, 0x6a, 0xdc, 0x17, 0x9a, 0x61, 0xf7, 0x85, 0x5f, 0xd7, 0x89,
  0x9f, 0x37, 0x8a, 0x5d, 0xf7, 0x89, 0x63, 0xb7, 0x85, 0x27, 0x99, 0x6d, 0xa1, 0x49, 0x72, 0x1b,
  0xd8, 0x69, 0xdd, 0xe7, 0x8d, 0x24, 0xf8, 0x7d, 0xdf, 0xf7, 0x95, 0x24, 0xc7, 0x7d, 0x62, 0xe8,
  0x85, 0x60, 0xb6, 0x81, 0xe3, 0x27, 0x8e, 0x5d, 0x28, 0x82, 0xe7, 0xd9, 0x79, 0xdd, 0x36, 0x7e,
  0xdd, 0xb8, 0x69, 0x5c, 0x36, 0x82, 0x9b, 0x08, 0x7e, 0xe7, 0x67, 0x85, 0xe4, 0x17, 0x9a, 0x21,
  0xa6, 0x85, 0xa6, 0xf8, 0x7d, 0x9e, 0xf7, 0x85, 0x1d, 0x97, 0xa2, 0x1b, 0x77, 0x92, 0x19, 0x68,
  0x7e, 0x98, 0xf7, 0x65, 0xa0, 0x19, 0x76, 0x5c, 0x27, 0x7a, 0x5d, 0x19, 0x76, 0x64, 0xc9, 0x81,
  0x65, 0x07, 0x76, 0x5d, 0xf9, 0x7d, 0xa1, 0x27, 0x86, 0xdd, 0x17, 0x7a, 0xe0, 0xe7, 0x85, 0x1e,
  0x07, 0x7e, 0xe1, 0xa7, 0x69, 0x9b, 0x17, 0x86, 0x62, 0x08, 0x8e, 0xa2, 0xe7, 0x6d, 0xdf, 0x19,
  0x7a, 0x21, 0xc8, 0x75, 0x21, 0x49, 0x82, 0x61, 0x87, 0x79, 0xe4, 0x27, 0x9e, 0x22, 0xf7, 0x75,
  0x61, 0xb8, 0x85, 0xe3, 0xf7, 0x81, 0x5d, 0xd7, 0x79, 0xa4, 0xd8, 0x65, 0xdd, 0x59, 0x66, 0x19,
  0x09, 0x8a, 0x21, 0x37, 0x7a, 0xda, 0xb6, 0x89, 0x67, 0xf8, 0x81, 0x5b, 0x27, 0x8a, 0xe2, 0x68,
  0x8a, 0x1d, 0xb9, 0x5d, 0xe4, 0x59, 0x82, 0x9b, 0xd7, 0x69, 0x20, 0xf8, 0x8d, 0x1f, 0x27, 0x96,
  0xdf, 0xe6, 0x8d, 0x64, 0xd7, 0x9d, 0x63, 0xa6, 0x79, 0xa1, 0xe8, 0x69, 0xa0, 0x08, 0x8a, 0x5d,
  0x47, 0x9a, 0x24, 0xe8, 0x91, 0x9d, 0x56, 0x8e, 0x9b, 0x97, 0x9e, 0xdc, 0x95, 0x8d, 0xa0, 0xc7,
  0x71, 0x66, 0x88, 0x79, 0x26, 0x19, 0x7a, 0x5e, 0xc7, 0x6d, 0x1d, 0x09, 0x72, 0x62, 0x08, 0x86,
  0x9c, 0x16, 0x8a, 0x61, 0x08, 0x8e, 0xe2, 0x17, 0x8e, 0x63, 0x29, 0x76, 0x5e, 0x17, 0x8e, 0x1e,
  0x39, 0x6e, 0x9b, 0x28, 0x6e, 0x17, 0x57, 0x8e, 0xdd, 0x57, 0x86, 0x98, 0x17, 0x6e, 0x25, 0x0a,
  0x7e, 0x60, 0x67, 0x71, 0xa8, 0x88, 0x81, 0xe4, 0x86, 0x7d, 0x64, 0x79, 0x8e, 0x9a, 0x27, 0x76,
  0xdf, 0x37, 0x96, 0xdb, 0x87, 0x8e, 0x18, 0xb6, 0x9d, 0x65, 0x17, 0x7e, 0x20, 0xd8, 0x7d, 0x21,
  0x18, 0x92, 0x9f, 0xf7, 0x69, 0x9b, 0x18, 0x7a, 0x5f, 0xf8, 0x6d, 0x1e, 0x28, 0x9e, 0xe4, 0xe7,
  0x89, 0x25, 0x87, 0x89, 0xaa, 0xc8, 0x99, 0xa3, 0xe6, 0x6d, 0x1b, 0xe8, 0x71, 0xe1, 0x29, 0x62,
  0x19, 0x99, 0x7e, 0xda, 0xf7, 0x75, 0x9d, 0xd6, 0x89, 0xe4, 0xd8, 0x89, 0xa1, 0xf5, 0x99, 0xe0,
  0xe7, 0x95, 0xab, 0x58, 0x75, 0xa0, 0x78, 0x6e, 0xdd, 0x29, 0x7a, 0x9f, 0xc6, 0x85, 0x20, 0xf8,
  0x75, 0xdf, 0xe7, 0x81, 0xa2, 0x28, 0x9a, 0xe1, 0x95, 0x85, 0x20, 0x78, 0x8a, 0xdb, 0x27, 0x7a,
  0x5d, 0x07, 0x82, 0x1e, 0x79, 0x7a, 0x5b, 0x68, 0x82, 0x99, 0x88, 0x82, 0x9a, 0xe7, 0x71, 0xe2,
  0x38, 0x92, 0x22, 0xa8, 0x61, 0xa2, 0xe9, 0x7d, 0x22, 0xf9, 0x5d, 0x5c, 0xa9, 0x5d, 0xa6, 0xd9,
  0x75, 0xde, 0xe6, 0x89, 0xe1, 0x17, 0x9e, 0xe2, 0xa6, 0x85, 0x67, 0x18, 0x8a, 0x9d, 0xf7, 0x71,
  0x5c, 0x28, 0x86, 0xe2, 0x07, 0x86, 0x9c, 0xe6, 0x7d, 0xe5, 0x39, 0x7a, 0x9c, 0xb7, 0x7d, 0xa2,
  0x07, 0x8a, 0xa2, 0x97, 0x7d, 0xe2, 0xe7, 0x85, 0x67, 0x98, 0x89, 0x24, 0xd7, 0x7d, 0x60, 0x49,
  0x76, 0xd8, 0x05, 0x8e, 0x1e, 0x9a, 0x86, 0x9a, 0xe6, 0x81, 0x9c, 0x47, 0x7e, 0x1d, 0xe8, 0x89,
  0xe3, 0xd7, 0x75, 0xe0, 0x19, 0x66, 0x1e, 0xd8, 0x75, 0xe3, 0xd9, 0x69, 0xa0, 0xb7, 0x69, 0xdf,
  0x38, 0xa6, 0x69, 0xc7, 0x91, 0x60, 0x27, 0x9e, 0xa2, 0x16, 0x9e, 0x9b, 0x95, 0x95, 0xe5, 0xd6,
  0x81, 0x5d, 0xf7, 0x71, 0x5d, 0x99, 0x7e, 0x57, 0x18, 0x82, 0x5f, 0x37, 0x96, 0xdb, 0x16, 0x76,
  0x1d, 0xc7, 0x95, 0xe6, 0x36, 0xa2, 0x61, 0xa7, 0x71, 0xa7, 0x19, 0x82, 0xdc, 0x37, 0x8a, 0x9b,
  0xe6, 0x75, 0xe3, 0xe8, 0x65, 0x9c, 0x48, 0x96, 0x5f, 0x78, 0x8e, 0xde, 0xa6, 0x79, 0xa2, 0x19,
  0x66, 0xdb, 0xa6, 0x7d, 0xdf, 0x27, 0x86, 0x23, 0xa9, 0x69, 0xe5, 0x19, 0x66, 0xdd, 0x68, 0x8e,
  0xdf, 0x17, 0x7e, 0x1f, 0x98, 0x69, 0xe2, 0x06, 0x96, 0xa0, 0x08, 0x86, 0x65, 0xf9, 0x69, 0xdf,
  0xb7, 0x6d, 0xe4, 0xd8, 0x71, 0x5b, 0xe7, 0x7d, 0x61, 0xa7, 0x85, 0x21, 0x68, 0x9a, 0xe1, 0x37,
  0x92, 0xdf, 0xd6, 0x81, 0x61, 0x08, 0x6e, 0x5c, 0x28, 0x76, 0x1d, 0x19, 0x7a, 0x20, 0x18, 0x86,
  0xa1, 0xe8, 0x71, 0x20, 0xd8, 0x7d, 0xdf, 0xe7, 0x89, 0x65, 0xc7, 0x8d, 0x22, 0xe7, 0x95, 0x25,
  0xc8, 0x8d, 0x65, 0x17, 0x82, 0x1e, 0xd8, 0x6d, 0x5c, 0x58, 0x8e, 0x5d, 0x26, 0x96, 0xde, 0x27,
  0x7a, 0x1c, 0xe8, 0x71, 0xe0, 0x27, 0x8a, 0x9e, 0xb7, 0x71, 0x26, 0xd9, 0x75, 0x5e, 0xd8, 0x81,
  0x26, 0xf9, 0x85, 0x1e, 0x07, 0x86, 0x62, 0xb7, 0x8d, 0x63, 0x07, 0x86, 0x9e, 0x48, 0x92, 0x9f,
  0x26, 0x8e, 0xa0, 0x17, 0x8e, 0xdc, 0x36, 0x82, 0xdb, 0xf7, 0x71, 0xdb, 0xf7, 0x69, 0xda, 0x88,
  0x6a, 0xd8, 0x38, 0x7e, 0x61, 0x28, 0x86, 0xa2, 0xc7, 0x7d, 0x26, 0xc9, 0x81, 0x1f, 0x47, 0x9e,
  0xdf, 0x17, 0x7a, 0x1f, 0x08, 0x96, 0xa0, 0x17, 0x76, 0xdf, 0xd8, 0x7d, 0x20, 0x27, 0x7e, 0xd9,
  0x07, 0x6e, 0x20, 0x39, 0x82, 0x9e, 0x27, 0x86, 0x9d, 0x27, 0x86, 0x63, 0x98, 0x79, 0xe3, 0xf7,
  0x7d, 0xa2, 0xb9, 0x61, 0xa2, 0xc8, 0x85, 0x26, 0xe8, 0x8d, 0xe0, 0x16, 0x8e, 0x9c, 0xe6, 0x91,
  0xe6, 0xe7, 0x79, 0x5d, 0x18, 0x76, 0x22, 0x1a, 0x6a, 0x1c, 0xe7, 0x7d, 0x63, 0x19, 0x82, 0x1f,
  0xc7, 0x71, 0xa2, 0x49, 0x72, 0x9d, 0xb7, 0x89, 0x62, 0x37, 0x8a, 0xdf, 0xe7, 0x79, 0x9d, 0xf8,
  0x71, 0x20, 0xe8, 0x8d, 0xe3, 0xb7, 0x65, 0x63, 0xf9, 0x85, 0x60, 0xc7, 0x7d, 0x5d, 0x37, 0xa2,
  0x24, 0x17, 0x86, 0x5b, 0x67, 0x9a, 0xe1, 0xe7, 0x85, 0x22, 0xa8, 0x79, 0x63, 0x28, 0x76, 0x9a,
  0x07, 0x7e, 0x1d, 0x28, 0x8e, 0xa1, 0xf6, 0x81, 0x5d, 0x28, 0x7e, 0x9e, 0xc7, 0x81, 0xa0, 0x17,
  0x8e, 0xa4, 0xc8, 0x75, 0x20, 0x87, 0x85, 0xa7, 0xd7, 0x81, 0xe5, 0x39, 0x7e, 0x1c, 0x58, 0x86,
  0xdc, 0x17, 0x8a, 0xe1, 0x16, 0x9e, 0x23, 0xc7, 0x75, 0x5a, 0x07, 0x7e, 0xe4, 0x39, 0x72, 0x1e,
  0xb8, 0x7d, 0x22, 0x19, 0x66, 0xdb, 0x08, 0x72, 0x5f, 0x17, 0x8e, 0x5f, 0x86, 0x7d, 0x24, 0x59,
  0x9a, 0xa3, 0xe7, 0x79, 0x21, 0xf8, 0x81, 0x61, 0xf9, 0x65, 0x5e, 0xc7, 0x6d, 0x99, 0x27, 0x92,
  0xa5, 0x08, 0x6e, 0x9b, 0x89, 0x8a, 0x1e, 0x27, 0x82, 0x98, 0x77, 0x96, 0x27, 0x89, 0x65, 0x5e,
  0xf7, 0x79, 0xa0, 0x39, 0x8a, 0x22, 0x08, 0x76, 0x60, 0xf8, 0x85, 0xe0, 0xc6, 0x89, 0x5f, 0x06,
  0x9e, 0x63, 0xe7, 0x7d, 0x9d, 0x06, 0x96, 0xa3, 0xd7, 0x85, 0x60, 0xd7, 0x71, 0xe0, 0x18, 0x7e,
  0x9e, 0x17, 0x6e, 0xd8, 0x67, 0x96, 0x20, 0x07, 0x82, 0xe3, 0x18, 0x8e, 0x1f, 0x48, 0x76, 0x5c,
  0xb7, 0x95, 0x67, 0x08, 0x6e, 0x9e, 0xb8, 0x7d, 0xe3, 0x27, 0x8a, 0x1f, 0xa8, 0x65, 0x24, 0x19,
  0x8e, 0x5d, 0xe6, 0x85, 0xe1, 0xf8, 0x75, 0xe1, 0xf8, 0x81, 0x20, 0x07, 0x82, 0x5c, 0x68, 0x82,
  0x1e, 0xb8, 0x71, 0xe2, 0x58, 0x8e, 0x9c, 0x07, 0x6e, 0xdc, 0x17, 0x92, 0x64, 0xc7, 0x79, 0x9a,
  0x16, 0x8a, 0xe1, 0xc8, 0x79, 0xa0, 0x17, 0x8e, 0xe3, 0x38, 0x8e, 0xa0, 0xf6, 0x91, 0xdc, 0x27,
  0x6a, 0x63, 0xb8, 0x85, 0xa1, 0x58, 0x7e, 0x1e, 0x29, 0x82, 0x9d, 0xf7, 0x79, 0xe0, 0x48, 0x7a,
  0x9b, 0x87, 0x59, 0x1e, 0xea, 0x75, 0xa3, 0xc7, 0x99, 0xa8, 0x18, 0x8e, 0xa5, 0x98, 0x71, 0xe1,
  0xa6, 0x8d, 0xa6, 0xa7, 0x69, 0x9c, 0xc7, 0x81, 0x24, 0x29, 0x7e, 0x20, 0x08, 0x82, 0xa0, 0xf7,
  0x89, 0x5f, 0x18, 0x7e, 0x61, 0xb7, 0x85, 0x1f, 0xf7, 0x79, 0xe1, 0x19, 0x76, 0x61, 0x38, 0x8a,
  0x1b, 0xe7, 0x71, 0x1c, 0x27, 0xa2, 0x63, 0xb7, 0x71, 0x5f, 0xa6, 0x95, 0x67, 0x59, 0x7a, 0x1d,
  0x39, 0x92, 0xa1, 0xc6, 0x69, 0xd9, 0x47, 0x8a, 0x5e, 0x08, 0x6a, 0xdc, 0x48, 0x7e, 0x99, 0x26,
  0x8e, 0x62, 0x18, 0x8a, 0x5e, 0xf7, 0x79, 0xdd, 0xc6, 0x91, 0xa6, 0x08, 0x7e, 0x1e, 0x08, 0x86,
  0xe5, 0x28, 0x7e, 0x9d, 0x28, 0x82, 0x5b, 0xd6, 0x79, 0x1b, 0x17, 0x86, 0x1f, 0x08, 0x8a, 0x21,
  0x08, 0x86, 0x67, 0x98, 0x75, 0x22, 0x8a, 0x7a, 0x5a, 0x87, 0x69, 0xdf, 0x06, 0x8e, 0x1e, 0x38,
  0x86, 0xa1, 0x38, 0x8e, 0x5e, 0x27, 0x82, 0x9a, 0xc6, 0x7d, 0xe4, 0xe8, 0x75, 0x9d, 0xb6, 0x89,
  0xe8, 0xd9, 0x61, 0x22, 0x6a, 0x8e, 0x1f, 0x28, 0x66, 0x5a, 0x08, 0x7e, 0xdb, 0x06, 0x7a, 0x21,
  0xf9, 0x89, 0x64, 0xe8, 0x6d, 0xa4, 0xe8, 0x99, 0x63, 0xd7, 0x69, 0x9f, 0xc8, 0x85, 0xdf, 0xe5,
  0x79, 0x59, 0x38, 0x82, 0x24, 0xe9, 0x7d, 0xe3, 0xf8, 0x79, 0x65, 0xc9, 0x6d, 0xa0, 0xb6, 0x8d,
  0xe3, 0xb7, 0x75, 0xa2, 0x07, 0x92, 0x1f, 0xf7, 0x81, 0x23, 0x19, 0x82, 0xa2, 0x48, 0x92, 0x5a,
  0x06, 0x7a, 0x9c, 0xb6, 0x99, 0x63, 0xf6, 0x91, 0x1f, 0x18, 0x7e, 0xde, 0x38, 0x86, 0x21, 0xd8,
  0x79, 0xe1, 0x17, 0x7e, 0x59, 0x27, 0x72, 0xdc, 0xf7, 0x91, 0x67, 0xc8, 0x7d, 0x64, 0x18, 0x9a,
  0x25, 0xe8, 0x79, 0x5e, 0xd7, 0x85, 0x62, 0xc7, 0x79, 0x9c, 0x27, 0x82, 0x1b, 0x37, 0x8a, 0xdd,
  0x27, 0x7a, 0xe1, 0x18, 0x86, 0x22, 0xf8, 0x7d, 0x9c, 0xd6, 0x89, 0xe5, 0x18, 0x92, 0xa5, 0x87,
  0x65, 0x9f, 0x79, 0x82, 0x1c, 0xe7, 0x89, 0x21, 0x28, 0x7a, 0x1b, 0x28, 0x76, 0xd9, 0x06, 0x9a,
  0xe3, 0xf7, 0x71, 0xd9, 0x66, 0x9a, 0x9f, 0x48, 0x82, 0x5f, 0xe8, 0x71, 0x5e, 0x08, 0x6e, 0x61,
  0x19, 0x7e, 0x9d, 0x38, 0x6e, 0xdf, 0xf8, 0x79, 0x9f, 0x27, 0x92, 0x24, 0x09, 0x76, 0x9e, 0x96,
  0x71, 0xa4, 0xd9, 0x81, 0xe1, 0x07, 0x82, 0xdf, 0xe7, 0x65, 0xe4, 0xc9, 0x71, 0x60, 0x18, 0x8e,
  0xe2, 0xe7, 0x6d, 0x1b, 0xd7, 0x95, 0xa8, 0xe8, 0x7d, 0x9f, 0xc8, 0x75, 0x65, 0xb8, 0x81, 0x25,
  0x38, 0x82, 0x5d, 0x08, 0x8e, 0x63, 0x38, 0x6e, 0x98, 0x17, 0x8a, 0x22, 0xd7, 0x7d, 0xdb, 0xf7,
  0x79, 0xa1, 0x68, 0x8a, 0xdd, 0xc7, 0x6d, 0x62, 0x19, 0x82, 0xa0, 0xf8, 0x71, 0xa2, 0xf8, 0x91,
  0x1f, 0xc7, 0x61, 0xdc, 0x78, 0x92, 0xa1, 0x07, 0x8a, 0x9b, 0x06, 0x8a, 0xdb, 0xe6, 0x85, 0xe6,
  0xc7, 0x89, 0x21, 0x48, 0x82, 0x20, 0xe9, 0x75, 0xdd, 0x77, 0x9e, 0x1c, 0x08, 0x76, 0xdd, 0xb6,
  0x89, 0xe2, 0x07, 0x86, 0xe1, 0x76, 0x75, 0x23, 0xf8, 0x8d, 0xe4, 0x76, 0x81, 0xa3, 0x38, 0x96,
  0x62, 0xf7, 0x85, 0x9e, 0x57, 0x8e, 0x1f, 0x29, 0x72, 0x9e, 0xe7, 0x75, 0x9d, 0x47, 0x9a, 0x1b,
  0xc6, 0x6d, 0xdf, 0xf8, 0x85, 0xa6, 0xd8, 0x7d, 0xe4, 0xb8, 0x79, 0xa3, 0xe7, 0x6d, 0xda, 0x28,
  0x72, 0xe4, 0x09, 0x96, 0x21, 0xb6, 0x81, 0x23, 0x09, 0x7e, 0xe2, 0xf8, 0x75, 0xe0, 0xf7, 0x85,
  0x5c, 0xe6, 0x75, 0x1c, 0x59, 0x6e, 0x9c, 0x49, 0x72, 0xe0, 0x08, 0x82, 0x22, 0x29, 0x6e, 0x1c,
  0xe8, 0x81, 0x5d, 0xd6, 0x89, 0x61, 0x18, 0x7e, 0x60, 0xe7, 0x8d, 0xa8, 0x19, 0x82, 0xe0, 0xc7,
  0x7d, 0xe4, 0xe8, 0x59, 0x98, 0xc6, 0x8d, 0x23, 0x47, 0x96, 0x98, 0x26, 0x82, 0x22, 0x19, 0x8e,
  0x23, 0xf8, 0x89, 0x20, 0xe7, 0x71, 0x9a, 0x17, 0x7a, 0xde, 0x27, 0x96, 0xa6, 0x08, 0x96, 0x62,
  0xe7, 0x81, 0x9f, 0x08, 0x76, 0x1d, 0x28, 0x82, 0x98, 0xf6, 0x7d, 0x66, 0xb8, 0x89, 0xe3, 0x07,
  0x8e, 0x64, 0xf9, 0x69, 0x1f, 0xf8, 0x75, 0x60, 0xc8, 0x5d, 0x99, 0x48, 0x6e, 0x17, 0x78, 0x8e,
  0x23, 0xf9, 0x75, 0x60, 0xf8, 0x91, 0x21, 0xe7, 0x8d, 0x23, 0x28, 0x86, 0xe0, 0xd7, 0x6d, 0x9e,
  0x08, 0x7e, 0x1f, 0x38, 0x82, 0xde, 0x08, 0x6a, 0x5d, 0x87, 0x85, 0xe6, 0x68, 0x7a, 0xdb, 0x17,
  0x96, 0x61, 0xe6, 0x99, 0x20, 0xd7, 0x85, 0x26, 0xf9, 0x69, 0x9c, 0xf8, 0x71, 0xdd, 0x37, 0x82,
  0x5d, 0x08, 0x7e, 0xa1, 0xd7, 0x79, 0x5b, 0x07, 0x8e, 0xa7, 0xc8, 0x75, 0xdf, 0xe6, 0x8d, 0xe6,
  0x09, 0x7a, 0xe3, 0xb8, 0x71, 0xa5, 0xb8, 0x61, 0x9c, 0xd8, 0x71, 0x61, 0xf8, 0x95, 0x61, 0xd6,
  0x7d, 0xde, 0x17, 0x92, 0x26, 0x49, 0x9e, 0xe1, 0xc6, 0x6d, 0x5c, 0x18, 0x76, 0x5b, 0xf8, 0x6d,
  0x23, 0xd9, 0x75, 0xa0, 0x28, 0x86, 0xdd, 0x26, 0x9e, 0xa2, 0x07, 0x7e, 0x20, 0x86, 0x89, 0xa4,
  0x07, 0x82, 0xe1, 0xd8, 0x65, 0x5f, 0x59, 0x96, 0x24, 0xf8, 0x79, 0x9b, 0x47, 0x86, 0x9c, 0xf6,
  0x81, 0x59, 0x67, 0x92, 0x9c, 0x16, 0x9e, 0xe7, 0xa7, 0x79, 0x60, 0x89, 0x86, 0x1f, 0xd8, 0x65,
  0x9b, 0xe8, 0x69, 0xe2, 0xd8, 0x81, 0x9d, 0x67, 0x92, 0xe0, 0x18, 0x82, 0x5e, 0xd6, 0x89, 0x23,
  0x08, 0x8e, 0xa0, 0xa6, 0x79, 0xe0, 0xe7, 0x79, 0xa1, 0xd8, 0x75, 0x62, 0x29, 0x76, 0x1d, 0x68,
  0x8a, 0xd9, 0x56, 0x8a, 0xdc, 0x18, 0x8a, 0xe2, 0xb6, 0x79, 0xe0, 0x18, 0x82, 0xa4, 0x87, 0x75,
  0xa6, 0xb9, 0x69, 0xe6, 0xc9, 0x65, 0xa0, 0xe8, 0x79, 0x1e, 0x37, 0x8a, 0xde, 0xf7, 0x8d, 0x66,
  0x18, 0x86, 0x1b, 0xe7, 0x7d, 0xe5, 0x38, 0x8a, 0x9d, 0xe7, 0x5d, 0x1c, 0xf9, 0x75, 0xe0, 0x08,
  0x76, 0xa0, 0x38, 0x7e, 0x9c, 0x18, 0x5e, 0x19, 0x09, 0x7a, 0x27, 0x19, 0x96, 0xa0, 0x65, 0x81,
  0x28, 0xc9, 0x75, 0x24, 0xd9, 0x71, 0x1f, 0xf7, 0x95, 0x1f, 0x18, 0x6e, 0x1b, 0x28, 0x9a, 0x63,
  0x68, 0x86, 0x9a, 0x16, 0xa6, 0x64, 0x07, 0x7a, 0x1d, 0x97, 0x7d, 0x1e, 0x27, 0x96, 0xe4, 0x18,
  0x7a, 0x5c, 0xd7, 0x6d, 0xa0, 0x08, 0x96, 0xde, 0x36, 0x8a, 0x1e, 0xd8, 0x75, 0x9d, 0xd5, 0x91,
  0xdf, 0x88, 0x9a, 0xe4, 0x76, 0x85, 0x62, 0x07, 0x86, 0x20, 0x39, 0x6e, 0xd7, 0x68, 0x76, 0x1d,
  0x18, 0x76, 0x1b, 0x68, 0x7e, 0x9f, 0x09, 0x82, 0xe0, 0xd6, 0x89, 0x65, 0x19, 0x7e, 0x9f, 0xd7,
  0x75, 0xdc, 0x16, 0x86, 0x23, 0xb9, 0x71, 0xa4, 0xa8, 0x71, 0xe0, 0x78, 0x82, 0x5a, 0xe7, 0x89,
  0x63, 0x07, 0x8a, 0xda, 0xe6, 0x61, 0x5d, 0x78, 0xaa, 0x5f, 0x06, 0x7a, 0xa1, 0xc9, 0x79, 0xe5,
  0x08, 0x6a, 0x5c, 0x08, 0x8a, 0xe4, 0x17, 0x8a, 0x1b, 0x07, 0x6a, 0x9c, 0x48, 0x8e, 0x21, 0xf8,
  0x7d, 0x61, 0x09, 0x72, 0x1f, 0xe8, 0x6d, 0xe0, 0xc8, 0x79, 0xe4, 0x08, 0x86, 0xe1, 0x86, 0x75,
  0x23, 0x1a, 0x6a, 0xdf, 0xd7, 0x7d, 0x60, 0x58, 0x96, 0xa2, 0x96, 0x85, 0x1e, 0x38, 0x72, 0x1e,
  0xc9, 0x71, 0x27, 0xc8, 0x99, 0xa5, 0x28, 0x76, 0x1d, 0xe8, 0x75, 0x20, 0x19, 0x66, 0x9d, 0x77,
  0x75, 0xe2, 0xb6, 0x89, 0x64, 0xe8, 0x91, 0xa5, 0x17, 0x9a, 0x24, 0x29, 0x82, 0xa0, 0xd7, 0x8d,
  0xa4, 0xe7, 0x85, 0x9b, 0x06, 0x72, 0x1b, 0x79, 0x86, 0x9e, 0x18, 0x76, 0x1c, 0x38, 0x8a, 0x1c,
  0x27, 0x76, 0x58, 0xa7, 0x71, 0x67, 0xa8, 0x7d, 0x5e, 0x58, 0x7e, 0xe1, 0x29, 0x82, 0xdf, 0x27,
  0x8a, 0x21, 0x18, 0x92, 0xdf, 0xc5, 0x7d, 0x5d, 0xd6, 0x89, 0x61, 0x68, 0x9e, 0x5f, 0x27, 0x8e,
  0xe1, 0x07, 0x7e, 0x1c, 0x18, 0x72, 0x20, 0xd9, 0x69, 0x5b, 0xe7, 0x65, 0x5e, 0x19, 0x8e, 0x24,
  0xf8, 0x85, 0x21, 0x28, 0x92, 0x21, 0x08, 0x86, 0xa4, 0x87, 0x81, 0x26, 0xd7, 0x75, 0xa1, 0xd8,
  0x8d, 0xe4, 0x27, 0x8e, 0x5d, 0x07, 0x7e, 0x9d, 0x07, 0x76, 0xdb, 0xf7, 0x79, 0x1a, 0x07, 0x7e,
  0x24, 0x3a, 0x76, 0xe3, 0x29, 0x76, 0x5d, 0x08, 0x76, 0xe0, 0xc7, 0x7d, 0x64, 0x19, 0x72, 0x1d,
  0xf8, 0x7d, 0x9f, 0x06, 0x96, 0xa2, 0x17, 0x8e, 0x20, 0xf8, 0x71, 0x9e, 0xc7, 0x79, 0x9d, 0xf6,
  0x91, 0xe2, 0x08, 0x76, 0x1c, 0x38, 0x7e, 0x20, 0xc8, 0x75, 0xe1, 0x28, 0x8a, 0x1d, 0x28, 0x82,
  0x1f, 0x28, 0x8a, 0x60, 0x08, 0x8a, 0x24, 0xf8, 0x8d, 0x21, 0xc7, 0x79, 0xe2, 0xe7, 0x79, 0x98,
  0x36, 0x7e, 0x1b, 0xd8, 0x79, 0xe2, 0x06, 0x96, 0x20, 0x27, 0x96, 0xdd, 0x26, 0x8e, 0x64, 0xe9,
  0x71, 0xe2, 0xc7, 0x81, 0x9e, 0x57, 0x82, 0xdc, 0x38, 0x76, 0x62, 0x19, 0x7a, 0x1d, 0x18, 0x76,
  0x9a, 0x17, 0x7e, 0xe1, 0x28, 0x7e, 0x1d, 0xe8, 0x79, 0x23, 0xf8, 0x91, 0xa6, 0xa7, 0x85, 0xa2,
  0xc7, 0x71, 0x9f, 0xb8, 0x65, 0x99, 0xe7, 0x85, 0x22, 0x38, 0x8a, 0xe1, 0x48, 0x8e, 0xa3, 0x38,
  0x8e, 0xdf, 0xe7, 0x71, 0xe2, 0xc7, 0x8d, 0x20, 0xf7, 0x69, 0x9a, 0x28, 0x76, 0xe0, 0xd7, 0x89,
  0x24, 0xd8, 0x79, 0xdf, 0x48, 0x76, 0x5b, 0xd7, 0x85, 0x22, 0xf8, 0x85, 0x65, 0xe8, 0x85, 0x61,
  0x07, 0x9a, 0xa5, 0xd7, 0x79, 0xe0, 0xd7, 0x75, 0x63, 0xe9, 0x65, 0x99, 0x17, 0x82, 0x9d, 0x27,
  0x82, 0x21, 0xe8, 0x91, 0x23, 0x18, 0x8e, 0xa3, 0xa7, 0x79, 0xe2, 0xe7, 0x75, 0x5e, 0xf9, 0x65,
  0xdc, 0xd7, 0x81, 0x21, 0xe8, 0x89, 0xa6, 0xa7, 0x85, 0x62, 0x38, 0x8a, 0x61, 0xc7, 0x89, 0x5e,
  0x47, 0x9e, 0x23, 0xe8, 0x71, 0x1a, 0x48, 0x82, 0xa1, 0xd8, 0x6d, 0x61, 0x29, 0x7a, 0x9b, 0xf7,
  0x75, 0x5a, 0x68, 0x76, 0x1a, 0x27, 0xa2, 0x9f, 0xf6, 0x79, 0xa2, 0xf8, 0x89, 0x66, 0xc7, 0x8d,
  0x1f, 0x08, 0x6a, 0x5d, 0x19, 0x76, 0x9c, 0x27, 0x86, 0x5b, 0x36, 0x96, 0x5b, 0x26, 0x8e, 0x21,
  0x48, 0x96, 0x5f, 0x18, 0x72, 0x9c, 0x27, 0x96, 0x64, 0xf8, 0x65, 0x5a, 0xf8, 0x7d, 0x22, 0xe8,
  0x79, 0xa1, 0x59, 0x7a, 0x9f, 0x28, 0x8a, 0x1e, 0xc7, 0x6d, 0xe1, 0x38, 0x8a, 0x60, 0x87, 0x65,
  0x23, 0x78, 0x81, 0xe3, 0x58, 0x82, 0x23, 0xb9, 0x75, 0x22, 0x08, 0x82, 0xdd, 0xb6, 0x75, 0x1f,
  0x48, 0x86, 0x5e, 0x08, 0x6e, 0x1e, 0x09, 0x76, 0x66, 0xd9, 0x79, 0x9d, 0x17, 0x82, 0x23, 0xc9,
  0x79, 0xe0, 0xe6, 0x81, 0x61, 0xb8, 0x7d, 0x26, 0x09, 0x8a, 0xa0, 0x57, 0x8a, 0x5c, 0xc7, 0x7d,
  0xe1, 0xd7, 0x85, 0x63, 0x18, 0x8a, 0x5a, 0xd6, 0x79, 0x1d, 0x38, 0x7a, 0x9c, 0x38, 0x7a, 0x1c,
  0x48, 0x8e, 0xe1, 0xd7, 0x79, 0x22, 0xd9, 0x71, 0x64, 0x19, 0x7a, 0x1d, 0xf7, 0x99, 0xe7, 0xb7,
  0x71, 0x9e, 0x58, 0x86, 0x9e, 0x07, 0x9e, 0x21, 0x96, 0x75, 0xe2, 0x07, 0x92, 0x21, 0xf7, 0x7d,
  0xe1, 0xd8, 0x81, 0x60, 0xe6, 0x89, 0xe0, 0x38, 0x7a, 0x1f, 0x38, 0x92, 0x5e, 0xd6, 0x81, 0x60,
  0x07, 0x82, 0xe0, 0x18, 0x76, 0x5a, 0x27, 0x9a, 0x23, 0xf8, 0x71, 0xde, 0x28, 0x7e, 0xe4, 0x18,
  0x86, 0x1a, 0x57, 0x9a, 0xde, 0xe6, 0x75, 0xe1, 0xf8, 0x69, 0x9c, 0x48, 0x86, 0xe0, 0xc7, 0x6d,
  0x1e, 0x08, 0x7a, 0xdd, 0x18, 0x6e, 0x5f, 0x08, 0x7e, 0xdf, 0x68, 0x8e, 0x60, 0xf8, 0x71, 0x5f,
  0x79, 0x8e, 0xa1, 0xb6, 0x85, 0x1e, 0xb7, 0x79, 0x25, 0xa8, 0x75, 0x60, 0x48, 0x7a, 0x1e, 0x29,
  0x7e, 0x1e, 0xe7, 0x7d, 0xdf, 0x38, 0x8e, 0xe2, 0xe7, 0x79, 0x1e, 0xf7, 0x8d, 0x23, 0xc8, 0x75,
  0xe2, 0xc8, 0x71, 0x9f, 0xf7, 0x7d, 0x1d, 0x28, 0x76, 0xdf, 0x38, 0x8e, 0x20, 0x08, 0x6e, 0x9c,
  0x48, 0x9a, 0x62, 0xf7, 0x79, 0x21, 0xb9, 0x71, 0x62, 0x08, 0x82, 0xa2, 0x97, 0x79, 0x24, 0xa8,
  0x65, 0xdc, 0x28, 0x86, 0x61, 0x18, 0x8a, 0x60, 0xd7, 0x85, 0xa5, 0xf8, 0x9d, 0x27, 0x48, 0x86,
  0x5f, 0xc8, 0x69, 0x60, 0xf8, 0x7d, 0x9e, 0xe7, 0x7d, 0x1c, 0x07, 0x72, 0x9a, 0xb6, 0x81, 0x24,
  0x29, 0x7e, 0xe0, 0xd7, 0x81, 0x9f, 0x07, 0x8a, 0xe2, 0xf7, 0x99, 0xa6, 0xf6, 0x7d, 0xdd, 0x18,
  0x7e, 0xdf, 0x17, 0x8a, 0xde, 0x57, 0x86, 0x9c, 0x48, 0x7e, 0x9b, 0x17, 0x86, 0xdc, 0x06, 0x8e,
  0x9b, 0xf5, 0x95, 0x26, 0xca, 0x6d, 0xe1, 0x17, 0x7e, 0x9d, 0x28, 0x6e, 0xdd, 0x18, 0x76, 0xde,
  0x18, 0x76, 0x1e, 0xc7, 0x95, 0x23, 0x17, 0x9a, 0x66, 0xc9, 0x6d, 0x1e, 0xf8, 0x79, 0xa0, 0xc7,
  0x75, 0x9d, 0x18, 0x6e, 0xa1, 0x98, 0x69, 0x22, 0x28, 0x7e, 0xda, 0x27, 0x8e, 0x64, 0xf8, 0x7d,
  0xe1, 0xe7, 0x89, 0xa3, 0x28, 0x76, 0x1b, 0xe8, 0x71, 0x26, 0xb9, 0x79, 0x23, 0x29, 0x7a, 0x1e,
  0x18, 0x86, 0x5f, 0x38, 0x82, 0x1b, 0xf7, 0x85, 0x1e, 0xc6, 0x85, 0x9b, 0x27, 0x7e, 0x60, 0x28,
  0x82, 0xe0, 0x08, 0x66, 0x59, 0xf7, 0x81, 0x62, 0xf9, 0x79, 0xdf, 0xd6, 0x85, 0xdf, 0x28, 0x76,
  0x62, 0x49, 0x8e, 0x61, 0x48, 0x96, 0x60, 0xc7, 0x79, 0x5e, 0xa7, 0x61, 0xe2, 0xc8, 0x79, 0x5d,
  0xf7, 0x79, 0xe2, 0x08, 0x92, 0x61, 0x57, 0x8a, 0x5a, 0x07, 0x8a, 0xa4, 0xf7, 0x91, 0x21, 0x97,
  0x75, 0x66, 0x09, 0x7a, 0x9a, 0xe6, 0x85, 0xa6, 0xb8, 0x75, 0xdf, 0xd7, 0x69, 0x5a, 0x47, 0x9e,
  0xe1, 0x16, 0x7e, 0x9a, 0x48, 0x6e, 0xdf, 0x28, 0x82, 0x5e, 0x58, 0x96, 0x21, 0xd7, 0x7d, 0x61,
  0xd8, 0x7d, 0xe0, 0x17, 0x86, 0x61, 0xe8, 0x71, 0x1d, 0x38, 0x76, 0x9c, 0x59, 0x6e, 0x20, 0x08,
  0x82, 0xdf, 0x07, 0x86, 0x60, 0x97, 0x79, 0x63, 0x08, 0x76, 0x99, 0xf6, 0x81, 0x60, 0xd7, 0x81,
  0x64, 0x09, 0x6a, 0x1b, 0x48, 0x8a, 0x60, 0x18, 0x8e, 0xe4, 0x07, 0x86, 0x62, 0x08, 0x8e, 0x20,
  0xf7, 0x85, 0x61, 0x08, 0x86, 0xa3, 0x87, 0x61, 0x1f, 0xf8, 0x91, 0x1e, 0x27, 0x86, 0x1f, 0x88,
  0x61, 0x26, 0x19, 0x7e, 0x9a, 0x57, 0x92, 0x22, 0x39, 0x82, 0xdb, 0x06, 0x82, 0xe0, 0x59, 0x76,
  0x21, 0xc8, 0x79, 0xde, 0xf7, 0x85, 0x26, 0x88, 0x6d, 0x64, 0xc9, 0x69, 0x61, 0xd8, 0x7d, 0x21,
  0xb7, 0x8d, 0xe4, 0x17, 0x8a, 0x9d, 0x07, 0x7e, 0xa2, 0x29, 0x92, 0x62, 0xd7, 0x7d, 0x9b, 0x07,
  0x7a, 0xa1, 0x89, 0x8a, 0x1b, 0xc6, 0x8d, 0x22, 0x49, 0x72, 0x58, 0x06, 0x8e, 0xa0, 0x28, 0x72,
  0x1d, 0x87, 0x7d, 0xe5, 0x07, 0x96, 0xa5, 0x28, 0x82, 0xdb, 0x27, 0x82, 0xa0, 0x18, 0x7a, 0x5a,
  0x27, 0x8e, 0xa0, 0x37, 0x96, 0x1f, 0x07, 0x82, 0x20, 0x79, 0x8a, 0xdb, 0xd7, 0x75, 0xe1, 0xe7,
  0x81, 0x9f, 0x07, 0x72, 0x9a, 0x07, 0x8a, 0xa5, 0x19, 0x7e, 0x64, 0x08, 0x86, 0x60, 0xe8, 0x6d,
  0x9d, 0xe7, 0x79, 0x5e, 0xf8, 0x81, 0xe4, 0xa7, 0x75, 0xdf, 0x07, 0x8e, 0xe7, 0x09, 0x6a, 0x9e,
  0x29, 0x66, 0x1a, 0x28, 0x82, 0x9c, 0x27, 0x72, 0x5c, 0x49, 0x86, 0x9f, 0x17, 0x7e, 0x9e, 0x18,
  0x8a, 0xe6, 0xb8, 0x71, 0x5f, 0xf7, 0x79, 0x20, 0x19, 0x72, 0x1b, 0xc7, 0x85, 0xa7, 0x19, 0x72,
  0x1f, 0x29, 0x7e, 0x9e, 0x58, 0x82, 0x9b, 0x96, 0x69, 0xa0, 0xf8, 0x89, 0xdf, 0x06, 0x7e, 0x9d,
  0xf7, 0x91, 0xe4, 0xd7, 0x75, 0xa3, 0xe9, 0x71, 0xdf, 0x78, 0x8e, 0xdb, 0x85, 0x89, 0xe6, 0x58,
  0x96, 0x5d, 0xe7, 0x79, 0x1f, 0x07, 0x92, 0x23, 0x08, 0x76, 0xa0, 0xc8, 0x71, 0xe2, 0x08, 0x76,
  0xdb, 0xe6, 0x95, 0x27, 0x39, 0x86, 0x9f, 0xa7, 0x79, 0xdf, 0x26, 0xa2, 0xa3, 0xd7, 0x85, 0x1e,
  0xb6, 0x7d, 0xa3, 0xc8, 0x7d, 0x1e, 0x17, 0x7e, 0x5e, 0x39, 0x7a, 0xde, 0x16, 0x9a, 0xe0, 0x88,
  0x82, 0xdc, 0x07, 0x8a, 0x61, 0xb6, 0x89, 0xe5, 0xd8, 0x65, 0x9f, 0xa7, 0x75, 0xa0, 0x28, 0x7a,
  0x9d, 0x48, 0x8a, 0xe2, 0xe8, 0x6d, 0x19, 0x56, 0xa2, 0x9f, 0x17, 0x8a, 0xde, 0x57, 0x82, 0xdd,
  0x28, 0x6e, 0x1d, 0x28, 0x92, 0x21, 0xb7, 0x71, 0x5d, 0xe8, 0x5d, 0x5c, 0x29, 0x72, 0x22, 0x09,
  0x7a, 0xd9, 0x87, 0x7e, 0x1c, 0x59, 0x8a, 0x62, 0x07, 0x96, 0x60, 0x86, 0x85, 0x28, 0x78, 0x65,
  0x22, 0xc8, 0x81, 0x21, 0xf8, 0x6d, 0x5c, 0x79, 0x8a, 0xe1, 0x38, 0x7a, 0xda, 0x57, 0x86, 0x5c,
  0x37, 0x9a, 0x65, 0x98, 0x5d, 0x63, 0x99, 0x71, 0xa2, 0xf7, 0x7d, 0x9e, 0xf8, 0x79, 0xe6, 0x98,
  0x61, 0x1d, 0xf9, 0x75, 0x5e, 0x57, 0x92, 0x1c, 0xe7, 0x7d, 0x27, 0xd8, 0x9d, 0x61, 0xe7, 0x79,
  0x20, 0xf7, 0x9d, 0x62, 0xc7, 0x69, 0xdb, 0x58, 0x6a, 0x9a, 0x59, 0x6a, 0x59, 0x68, 0x9a, 0xa2,
  0x38, 0x7e, 0xde, 0xc7, 0x81, 0x21, 0x38, 0x86, 0x5e, 0xd7, 0x89, 0xe4, 0xa7, 0x75, 0x21, 0xc8,
  0x65, 0xdd, 0x58, 0x8e, 0x1e, 0xf7, 0x89, 0xa1, 0xe7, 0x79, 0x9d, 0x78, 0x92, 0x9f, 0xc6, 0x91,
  0xa1, 0x07, 0x7e, 0x5f, 0xb7, 0x79, 0xe0, 0x58, 0x86, 0x60, 0xa8, 0x61, 0x1d, 0x48, 0x8e, 0x21,
  0x09, 0x6a, 0x59, 0x47, 0x9a, 0x24, 0xd8, 0x79, 0xdb, 0xf5, 0x91, 0x21, 0xf8, 0x8d, 0x20, 0xb6,
  0x81, 0xe1, 0x89, 0x7e, 0x1d, 0xe8, 0x69, 0x9b, 0x58, 0x92, 0xe3, 0x28, 0x7a, 0xdb, 0x27, 0x7a,
  0x1d, 0x49, 0x7a, 0x1d, 0xf8, 0x65, 0x9f, 0xe9, 0x75, 0x60, 0xa7, 0x5d, 0x1b, 0x29, 0x9a, 0x68,
  0xe8, 0x71, 0xdc, 0xd7, 0x85, 0xa7, 0x09, 0x7e, 0x62, 0xf7, 0x89, 0x5d, 0x17, 0x7a, 0xdf, 0x86,
  0x79, 0xa5, 0x08, 0x9a, 0xe1, 0xd6, 0x75, 0x9d, 0x18, 0x7a, 0x62, 0x18, 0x86, 0x9f, 0xc7, 0x75,
  0x5f, 0x78, 0x9e, 0x1e, 0x07, 0x86, 0x23, 0xe8, 0x85, 0x63, 0xc8, 0x69, 0xda, 0x87, 0x8a, 0x9c,
  0xb7, 0x69, 0x1b, 0x27, 0x92, 0xa2, 0x39, 0x76, 0xdd, 0xe6, 0x9d, 0xa2, 0xf6, 0x8d, 0xe2, 0x08,
  0x6a, 0xe2, 0x39, 0x7a, 0x1b, 0xa6, 0x89, 0x20, 0x17, 0x8e, 0x21, 0xd8, 0x6d, 0x5f, 0x28, 0x86,
  0x5f, 0xf8, 0x89, 0x66, 0xf8, 0x81, 0xe0, 0x58, 0x72, 0x59, 0x18, 0x82, 0xa5, 0xb7, 0x8d, 0xa4,
  0xc8, 0x69, 0xdd, 0x47, 0xa2, 0x65, 0x87, 0x6d, 0xdd, 0x06, 0x8a, 0x61, 0xf8, 0x71, 0x58, 0x37,
  0x7e, 0x5f, 0x69, 0x7a, 0x5b, 0x27, 0x86, 0x21, 0x9a, 0x86, 0x5a, 0xe6, 0x71, 0xd6, 0x67, 0x86,
  0x64, 0xc9, 0x69, 0xdd, 0x28, 0x76, 0xa1, 0x39, 0x7e, 0x5e, 0x08, 0x7a, 0x23, 0x2a, 0x76, 0xdf,
  0x96, 0x85, 0x1e, 0xe6, 0xa1, 0xa6, 0x97, 0x61, 0xdd, 0x58, 0x9a, 0x62, 0xf7, 0x85, 0xde, 0xc6,
  0x75, 0x9e, 0x28, 0x82, 0xe1, 0xe8, 0x71, 0xa1, 0x59, 0x86, 0xe1, 0xe8, 0x7d, 0xa7, 0x08, 0x8a,
  0xde, 0xd6, 0x7d, 0x5d, 0x86, 0x7d, 0xe3, 0xc7, 0x71, 0x64, 0xe9, 0x81, 0x5e, 0x16, 0x8e, 0x1d,
  0x08, 0x82, 0x62, 0xf7, 0x9d, 0x9e, 0x26, 0x8a, 0x9b, 0x67, 0x92, 0x61, 0x29, 0x6e, 0xe0, 0x39,
  0x6a, 0x5d, 0x69, 0x72, 0x9a, 0xe7, 0x7d, 0xa0, 0xe8, 0x71, 0x5e, 0xe7, 0x81, 0xe1, 0x38, 0x86,
  0xa0, 0xa6, 0x95, 0xa3, 0x07, 0x7e, 0x5f, 0xf8, 0x7d, 0x61, 0xb7, 0x81, 0x61, 0x28, 0x86, 0xdd,
  0x57, 0x7e, 0xda, 0x78, 0x7e, 0x99, 0x06, 0x8a, 0xa1, 0x68, 0xa2, 0xa2, 0xb6, 0x79, 0x9f, 0x18,
  0x6e, 0x9d, 0xf8, 0x85, 0x24, 0xb7, 0x81, 0xe2, 0x38, 0x7a, 0xd9, 0x16, 0x92, 0x1f, 0x98, 0x96,
  0x1b, 0xc6, 0x7d, 0x63, 0xf8, 0x99, 0x60, 0x26, 0x86, 0xdc, 0xd7, 0x7d, 0xa8, 0xa8, 0x69, 0x1e,
  0x49, 0x76, 0xde, 0x48, 0x6e, 0x1a, 0x09, 0x62, 0x1d, 0x5a, 0x7a, 0x20, 0x97, 0x75, 0x5f, 0x07,
  0x96, 0xe4, 0xd8, 0x69, 0x63, 0xa9, 0x75, 0xa4, 0x08, 0x7e, 0x9f, 0xf8, 0x7d, 0x25, 0xe9, 0x69,
  0x9d, 0xf8, 0x7d, 0xe5, 0xc8, 0x81, 0xa2, 0xf7, 0x81, 0x5d, 0xe7, 0x75, 0x5e, 0x28, 0x8a, 0x61,
  0xb7, 0x75, 0x1d, 0xe7, 0x75, 0x9d, 0x28, 0x7e, 0x5f, 0x48, 0x86, 0x1f, 0x08, 0x92, 0xe4, 0xf7,
  0x85, 0x9e, 0x27, 0x8a, 0x1c, 0x27, 0x82, 0x20, 0xb8, 0x81, 0xe5, 0xf7, 0x81, 0x1d, 0xf8, 0x75,
  0xe0, 0x38, 0x8a, 0x22, 0xc8, 0x75, 0x9d, 0xf6, 0x91, 0x1f, 0x17, 0x8a, 0x9d, 0x07, 0x7a, 0x1f,
  0x18, 0x8a, 0xe1, 0xd7, 0x75, 0x60, 0x28, 0x7a, 0x1c, 0xf8, 0x75, 0x60, 0x18, 0x86, 0xa5, 0x09,
  0x82, 0xdf, 0x27, 0x92, 0x20, 0xe7, 0x95, 0x23, 0xb7, 0x69, 0xda, 0x17, 0x86, 0x1f, 0x07, 0x8e,
  0x1b, 0x37, 0x86, 0xa1, 0x28, 0x72, 0x59, 0x79, 0x82, 0x9d, 0x28, 0x82, 0xdb, 0x36, 0x8a, 0x19,
  0x68, 0x82, 0x5e, 0x08, 0x72, 0x1d, 0xc8, 0x75, 0xe2, 0xe8, 0x6d, 0x20, 0xe9, 0x75, 0x20, 0x38,
  0x86, 0x9e, 0xd7, 0x7d, 0xe4, 0x38, 0x8a, 0x9d, 0x27, 0x82, 0x5e, 0x37, 0x96, 0x9f, 0xb7, 0x75,
  0x21, 0x18, 0x7e, 0x9d, 0x07, 0x82, 0x9f, 0xd6, 0x89, 0xa0, 0x18, 0x6a, 0x9e, 0x19, 0x86, 0xe5,
  0x28, 0x82, 0xdd, 0xf7, 0x81, 0xa5, 0xc8, 0x71, 0xa0, 0xc7, 0x81, 0xa0, 0xf7, 0x8d, 0x64, 0xa7,
  0x7d, 0xa1, 0x38, 0x8a, 0xdd, 0x47, 0x7a, 0x9b, 0xb6, 0x89, 0xa1, 0xd7, 0x6d, 0x5e, 0xe8, 0x81,
  0xe1, 0x58, 0x8a, 0x20, 0xb8, 0x6d, 0x23, 0x29, 0x96, 0xe5, 0x18, 0x72, 0x58, 0xe7, 0x71, 0x27,
  0xaa, 0x71, 0xa3, 0x07, 0x92, 0xa1, 0x38, 0x7a, 0x9c, 0xc6, 0x85, 0xa0, 0xc6, 0x89, 0xa1, 0x07,
  0x7e, 0xd9, 0x16, 0x8a, 0x21, 0x79, 0x8a, 0xdd, 0x07, 0x72, 0x5b, 0x68, 0x9a, 0x5f, 0xd6, 0x81,
  0x9d, 0xd7, 0x81, 0xa6, 0xc8, 0x71, 0x9e, 0x48, 0x86, 0x20, 0x18, 0x7a, 0x19, 0x17, 0x7a, 0x5d,
  0x69, 0x7a, 0x5c, 0xc7, 0x89, 0x24, 0x87, 0x85, 0x66, 0x69, 0x86, 0xd9, 0xd6, 0x8d, 0x62, 0x07,
  0x7e, 0x9e, 0x17, 0x96, 0xa2, 0x58, 0x8a, 0x62, 0xd9, 0x61, 0x21, 0xf9, 0x7d, 0xa5, 0x98, 0x65,
  0x9c, 0xd6, 0x85, 0x5f, 0x18, 0x6a, 0x5b, 0xf7, 0x85, 0xa0, 0x18, 0x6e, 0xde, 0xe8, 0x6d, 0x20,
  0x19, 0x72, 0xdb, 0x57, 0x9a, 0x66, 0x18, 0x86, 0x22, 0x29, 0x86, 0x1f, 0xf7, 0x75, 0xdc, 0x38,
  0x7a, 0x9d, 0xe7, 0x69, 0x5b, 0xf8, 0x7d, 0xa2, 0x38, 0x8e, 0x9f, 0xd7, 0x7d, 0xe5, 0xc8, 0x71,
  0x1e, 0x28, 0x7e, 0x1c, 0xe7, 0x81, 0x1e, 0x48, 0x86, 0x21, 0xd8, 0x81, 0x21, 0x58, 0x8a, 0x5c,
  0xb7, 0x7d, 0x64, 0xc7, 0x91, 0xe4, 0xd7, 0x79, 0xda, 0x76, 0x9e, 0x23, 0xc8, 0x91, 0x65, 0xf7,
  0x6d, 0x19, 0x58, 0x82, 0x9c, 0xf7, 0x7d, 0x20, 0x18, 0x86, 0xa0, 0x37, 0x8e, 0xdc, 0x37, 0x82,
  0x61, 0x28, 0x8e, 0x21, 0xd8, 0x65, 0x5b, 0x49, 0x86, 0x64, 0xe8, 0x79, 0x5a, 0xf6, 0x8d, 0x62,
  0x18, 0x76, 0x58, 0xe6, 0x91, 0xe3, 0x07, 0x82, 0x5d, 0xf7, 0x89, 0x61, 0x08, 0x6e, 0xe0, 0x29,
  0x66, 0x5c, 0xe7, 0x89, 0xa2, 0x38, 0x6e, 0x9b, 0xf8, 0x75, 0x1f, 0x48, 0x9e, 0x24, 0x08, 0x7e,
  0x5c, 0x27, 0x8e, 0xa4, 0x88, 0x61, 0x1e, 0xf7, 0x89, 0xe5, 0xc8, 0x81, 0xe5, 0xe7, 0x81, 0xdf,
  0x58, 0x82, 0x5b, 0x27, 0x8a, 0xdd, 0x06, 0x8a, 0x5c, 0x17, 0x7a, 0x1d, 0x17, 0x96, 0xe3, 0xf8,
  0x79, 0xa2, 0xb8, 0x69, 0xe2, 0xf8, 0x7d, 0x9c, 0x47, 0x7e, 0x9a, 0xc7, 0x75, 0xa5, 0x08, 0x8a,
  0x60, 0x07, 0x8e, 0x26, 0xa8, 0x7d, 0x21, 0xf8, 0x85, 0x25, 0xb8, 0x6d, 0xe1, 0x08, 0x86, 0x1f,
  0x07, 0x92, 0xa1, 0x28, 0x82, 0xa1, 0xf8, 0x79, 0x9c, 0x37, 0x8e, 0x61, 0xc8, 0x71, 0xa0, 0xb7,
  0x71, 0xe1, 0xd8, 0x75, 0x23, 0xd8, 0x85, 0xa2, 0xb7, 0x7d, 0x5f, 0x07, 0x92, 0x20, 0x58, 0x86,
  0x1c, 0x37, 0x92, 0x9f, 0xa6, 0x79, 0xe0, 0x68, 0x92, 0x5e, 0x38, 0x76, 0x9d, 0x58, 0x8a, 0x20,
  0x08, 0x72, 0xd8, 0x37, 0x72, 0x5a, 0x68, 0x7a, 0x99, 0x07, 0x8a, 0x62, 0x28, 0x7e, 0xe0, 0x18,
  0x82, 0xa0, 0x37, 0x8a, 0xde, 0xe7, 0x6d, 0x9d, 0xb7, 0x79, 0xa2, 0x69, 0x72, 0xda, 0xf7, 0x89,
  0xa0, 0x37, 0x86, 0xe0, 0x28, 0x76, 0x1b, 0x07, 0x8a, 0xa0, 0xa6, 0x81, 0xa3, 0x18, 0x86, 0x62,
  0x59, 0x8a, 0xa0, 0xe7, 0x89, 0x63, 0xf8, 0x89, 0x5f, 0x17, 0x76, 0x5b, 0xc7, 0x81, 0xa1, 0x37,
  0x86, 0xdf, 0xe8, 0x69, 0x5f, 0x58, 0x92, 0x1a, 0x07, 0x7e, 0x5f, 0xe8, 0x75, 0xa0, 0xe7, 0x85,
  0x22, 0x19, 0x7e, 0xe4, 0xd8, 0x7d, 0xe0, 0xc7, 0x6d, 0x5e, 0xf8, 0x79, 0x20, 0xe8, 0x81, 0xa2,
  0xc7, 0x6d, 0x5d, 0x49, 0x86, 0x63, 0xc8, 0x7d, 0xa2, 0x28, 0x8a, 0xde, 0xc6, 0x75, 0x21, 0x29,
  0x8e, 0xe5, 0x97, 0x71, 0xe3, 0xe8, 0x81, 0x22, 0xd7, 0x7d, 0x9b, 0x17, 0x72, 0x5e, 0xd8, 0x8d,
  0xe4, 0x16, 0x9e, 0x62, 0x17, 0x9e, 0x26, 0xa7, 0x85, 0x60, 0x27, 0x8a, 0xd9, 0x26, 0x7e, 0x9a,
  0xe6, 0x7d, 0x9c, 0x78, 0x86, 0x9c, 0x18, 0x6e, 0x1e, 0x49, 0x82, 0x9e, 0xb6, 0x91, 0xe3, 0x07,
  0x82, 0x61, 0x18, 0x82, 0x1e, 0xd7, 0x91, 0x26, 0xd8, 0x7d, 0xde, 0xf7, 0x6d, 0x59, 0x07, 0x7e,
  0x5e, 0xb7, 0x85, 0x25, 0x08, 0x82, 0xdf, 0x48, 0x86, 0x61, 0x18, 0x7e, 0x60, 0x09, 0x6a, 0x9d,
  0x08, 0x62, 0xdb, 0x48, 0x8a, 0xde, 0xe6, 0x81, 0xa1, 0x38, 0x82, 0x1f, 0x77, 0x79, 0x27, 0x39,
  0x86, 0x5c, 0xc6, 0x89, 0x20, 0x78, 0x8a, 0x1e, 0x19, 0x66, 0x19, 0x58, 0x86, 0xdc, 0xf7, 0x69,
  0xdc, 0x48, 0x82, 0x60, 0x18, 0x7e, 0x5d, 0x17, 0x8a, 0x60, 0x38, 0x8e, 0x22, 0xb8, 0x65, 0x1d,
  0xe8, 0x7d, 0xe3, 0x08, 0x7e, 0xdf, 0xc7, 0x71, 0xe2, 0x59, 0x8a, 0xdd, 0x95, 0x85, 0xe1, 0xd7,
  0x89, 0x22, 0x76, 0x79, 0x21, 0x39, 0x92, 0xe8, 0xe8, 0x71, 0x5e, 0xf8, 0x7d, 0xa4, 0xf9, 0x71,
  0x59, 0xf6, 0x81, 0xdf, 0x07, 0x8a, 0xa2, 0x28, 0x7e, 0xe1, 0x28, 0x9a, 0xe3, 0xa6, 0x7d, 0x21,
  0xe8, 0x75, 0x5e, 0x08, 0x66, 0x9b, 0x96, 0x81, 0x20, 0x99, 0x9e, 0xe1, 0xa7, 0x71, 0xe1, 0x78,
  0x82, 0x19, 0xf7, 0x7d, 0x20, 0x08, 0x7e, 0x9f, 0xd7, 0x79, 0x5f, 0x78, 0x9e, 0x61, 0x18, 0x76,
  0x1e, 0xe8, 0x75, 0x59, 0x46, 0x82, 0x5b, 0x38, 0x7e, 0x5a, 0xe6, 0x95, 0x65, 0x39, 0x8a, 0xe4,
  0x07, 0x96, 0xe2, 0xc7, 0x69, 0x9f, 0xf8, 0x79, 0xe2, 0x08, 0x86, 0x61, 0xa6, 0x79, 0xdf, 0x88,
  0x96, 0x9f, 0xe6, 0x95, 0x9e, 0xe6, 0x7d, 0xdd, 0xd6, 0x8d, 0xa5, 0x18, 0x92, 0xe1, 0xc6, 0x71,
  0x5a, 0x17, 0x82, 0xe7, 0xd9, 0x69, 0xdc, 0x47, 0x82, 0xdc, 0x17, 0x7e, 0xa1, 0xf8, 0x7d, 0xa3,
  0x09, 0x76, 0xa3, 0xa7, 0x89, 0x26, 0xd8, 0x7d, 0x22, 0xe9, 0x69, 0xdd, 0x07, 0x8e, 0x22, 0x59,
  0x7a, 0xdb, 0xc7, 0x65, 0xde, 0x18, 0x7a, 0x9c, 0xe6, 0x7d, 0x22, 0x29, 0x8e, 0xe1, 0x07, 0x7a,
  0x5f, 0x18, 0x92, 0x65, 0xa8, 0x69, 0x9d, 0xe8, 0x75, 0xdf, 0x07, 0x8a, 0x61, 0x18, 0x7a, 0x5f,
  0x38, 0x92, 0xa0, 0xf7, 0x75, 0x5f, 0xe7, 0x99, 0xa4, 0xd6, 0x85, 0x9f, 0xb7, 0x7d, 0xe5, 0x58,
  0x8e, 0xdd, 0x47, 0x8e, 0x1f, 0x58, 0x7e, 0x5a, 0x17, 0x82, 0x5f, 0x18, 0x7a, 0x9f, 0xd7, 0x7d,
  0x9f, 0xf7, 0x79, 0x63, 0xd9, 0x75, 0xe1, 0x07, 0x86, 0xde, 0x07, 0x7a, 0x63, 0x09, 0x7a, 0x20,
  0x08, 0x7e, 0x9d, 0x17, 0x8e, 0x63, 0x28, 0x8a, 0x5c, 0xc6, 0x8d, 0xe1, 0xd6, 0x81, 0x9d, 0x68,
  0x96, 0xa3, 0xd7, 0x6d, 0x1a, 0x49, 0x72, 0x1e, 0x49, 0x76, 0xdd, 0x69, 0x76, 0xd9, 0x06, 0x96,
  0xe5, 0x28, 0x86, 0xde, 0xc6, 0x75, 0x9c, 0x07, 0x7e, 0xe2, 0xd7, 0x89, 0xe0, 0x27, 0x7a, 0xdf,
  0x08, 0x82, 0xdf, 0x47, 0x96, 0xa1, 0x38, 0x6e, 0x18, 0x07, 0x82, 0x5e, 0x48, 0x92, 0x9f, 0xa6,
  0x75, 0x1e, 0x08, 0x82, 0xe6, 0xe9, 0x6d, 0xdf, 0xc7, 0x75, 0xa1, 0xe8, 0x71, 0x1d, 0x07, 0x9e,
  0x67, 0xe8, 0x7d, 0x20, 0xb7, 0x85, 0x65, 0x08, 0x9a, 0x26, 0xb7, 0x81, 0x1e, 0xa6, 0x8d, 0xa1,
  0x57, 0x92, 0xdc, 0xf7, 0x85, 0xe4, 0xf7, 0x81, 0x5e, 0x28, 0x7a, 0x9e, 0xf8, 0x71, 0xdd, 0xe7,
  0x7d, 0x5f, 0x28, 0x7a, 0x20, 0xd8, 0x7d, 0x5f, 0xa6, 0x81, 0xe3, 0xf8, 0x75, 0x60, 0x28, 0x92,
  0xe0, 0xf6, 0x81, 0xdc, 0x37, 0x8a, 0xe1, 0x28, 0x82, 0xe0, 0xa6, 0x81, 0xe2, 0xf7, 0x85, 0xa3,
  0xe8, 0x79, 0x22, 0x69, 0x86, 0xda, 0xe7, 0x6d, 0x5e, 0x38, 0x86, 0x9d, 0x07, 0x6a, 0xd9, 0x17,
  0x8a, 0xdd, 0x36, 0x9e, 0xa5, 0xd8, 0x71, 0x21, 0x28, 0x92, 0xda, 0xe5, 0x71, 0xda, 0x27, 0x8a,
  0x24, 0xd9, 0x65, 0x5a, 0x58, 0x96, 0xa2, 0x08, 0x7e, 0xe1, 0xd7, 0x7d, 0x20, 0xe8, 0x75, 0x9f,
  0xf7, 0x89, 0x9d, 0x37, 0x8a, 0xe2, 0x08, 0x7a, 0xa1, 0x89, 0x82, 0x9c, 0xe8, 0x5d, 0x5a, 0xa7,
  0x61, 0xe0, 0x49, 0x86, 0xa0, 0xb7, 0x69, 0x5f, 0xe8, 0x8d, 0xa5, 0xd7, 0x85, 0x23, 0x08, 0x8e,
  0x62, 0x87, 0x65, 0xe1, 0xd7, 0x89, 0x66, 0x19, 0x7e, 0x1b, 0xe7, 0x79, 0xa1, 0x59, 0x7e, 0xdc,
  0x27, 0x7a, 0x1a, 0x37, 0x8a, 0x9b, 0x27, 0x7e, 0xa1, 0x39, 0x7e, 0xa1, 0xc7, 0x71, 0x1e, 0x19,
  0x7a, 0x26, 0xd9, 0x7d, 0xe0, 0xb7, 0x6d, 0x60, 0x28, 0x96, 0x61, 0xa7, 0x79, 0xa0, 0xd6, 0x89,
  0x5e, 0xf7, 0x79, 0x1f, 0x28, 0x9a, 0x23, 0xe8, 0x69, 0x9a, 0x07, 0x8e, 0xa3, 0x28, 0x6e, 0x99,
  0x27, 0x7e, 0x9d, 0x48, 0x7a, 0x5e, 0x08, 0x92, 0x24, 0x28, 0x9a, 0x63, 0xb7, 0x79, 0x64, 0x97,
  0x91, 0xa5, 0x86, 0x79, 0x5f, 0xf7, 0x8d, 0xe4, 0x78, 0x92, 0x9a, 0x26, 0x8a, 0x1b, 0x47, 0x92,
  0x1c, 0xb6, 0x89, 0xde, 0x16, 0x82, 0x5e, 0xf8, 0x71, 0x5c, 0x68, 0x8e, 0x25, 0x2a, 0x66, 0x1b,
  0x18, 0x72, 0x1a, 0x38, 0x86, 0x5e, 0xb7, 0x71, 0x20, 0x29, 0x9a, 0x25, 0x17, 0x8e, 0x5f, 0x28,
  0x8e, 0x63, 0x87, 0x6d, 0x5d, 0xd7, 0x71, 0xe0, 0x18, 0x76, 0x9f, 0x28, 0x72, 0xd8, 0x88, 0x82,
  0x20, 0x29, 0x72, 0x5a, 0x17, 0x8a, 0xe1, 0xb6, 0x89, 0x22, 0xa7, 0x91, 0x27, 0x09, 0x72, 0x1d,
  0xf8, 0x81, 0xa4, 0x08, 0x82, 0x1f, 0xd8, 0x65, 0x19, 0x48, 0x92, 0xe3, 0xd7, 0x99, 0x26, 0x07,
  0x8e, 0xde, 0xc6, 0x81, 0xe1, 0xe7, 0x8d, 0x63, 0xe7, 0x7d, 0x1d, 0xc8, 0x69, 0xa1, 0x69, 0x82,
  0x20, 0x29, 0x76, 0x60, 0xd8, 0x75, 0x1d, 0x38, 0x8a, 0x21, 0x08, 0x8e, 0x20, 0x97, 0x69, 0xa3,
  0x09, 0x76, 0x63, 0xe9, 0x71, 0x9e, 0xb7, 0x69, 0x5c, 0x08, 0x76, 0xdf, 0xe7, 0x85, 0x23, 0x08,
  0x96, 0xe4, 0xd6, 0x9d, 0xe5, 0x68, 0x86, 0x5b, 0xb7, 0x65, 0x5d, 0x48, 0x8e, 0xa2, 0xf8, 0x79,
  0x1b, 0x37, 0x82, 0xdf, 0x28, 0x7e, 0x62, 0x18, 0x92, 0x1c, 0x67, 0x86, 0xda, 0xa6, 0x75, 0x9e,
  0x67, 0x9a, 0x62, 0xf8, 0x75, 0xa0, 0xf7, 0x81, 0x5d, 0x38, 0x7a, 0xdc, 0x27, 0x7e, 0xdc, 0x47,
  0x82, 0x9c, 0xe6, 0x85, 0x9f, 0x58, 0x92, 0x21, 0x48, 0x7e, 0x9b, 0x18, 0x76, 0xe2, 0xd8, 0x71,
  0x1f, 0xd8, 0x71, 0x1f, 0x28, 0x86, 0x5f, 0xe8, 0x7d, 0xa5, 0xd8, 0x8d, 0x24, 0xe8, 0x75, 0xa0,
  0x18, 0x92, 0xa4, 0xa6, 0x79, 0xa1, 0xd7, 0x75, 0x5e, 0xf7, 0x95, 0xa5, 0xe7, 0x7d, 0xdd, 0x37,
  0x8a, 0x21, 0x18, 0x7e, 0x1f, 0x59, 0x7e, 0x9a, 0xa6, 0x71, 0xa0, 0x38, 0x86, 0xa0, 0x69, 0x7e,
  0x1d, 0xe7, 0x8d, 0xe1, 0x07, 0x7a, 0x9f, 0x08, 0x6a, 0x1a, 0x08, 0x76, 0x61, 0xb8, 0x7d, 0xe4,
  0x58, 0x8a, 0x1f, 0xf8, 0x85, 0x65, 0x08, 0x8e, 0xe0, 0x37, 0x7e, 0x5c, 0xc7, 0x71, 0x5f, 0x28,
  0x8e, 0xe0, 0x27, 0x82, 0x5f, 0xf8, 0x75, 0x1c, 0xd7, 0x89, 0xa4, 0x08, 0x76, 0x9c, 0xa6, 0x7d,
  0x1f, 0xd7, 0x89, 0x26, 0x19, 0x82, 0xe0, 0xe6, 0x95, 0x23, 0xf8, 0x81, 0x63, 0xe8, 0x81, 0x62,
  0x08, 0x8a, 0x9f, 0xd6, 0x95, 0xe6, 0x58, 0x8a, 0x18, 0xf6, 0x7d, 0x1c, 0x38, 0x86, 0xdf, 0x48,
  0x7a, 0x5b, 0xc7, 0x6d, 0x60, 0x09, 0x6a, 0x1f, 0x09, 0x76, 0x22, 0xd9, 0x65, 0xe0, 0xf8, 0x71,
  0x1f, 0x49, 0x92, 0x61, 0xf7, 0x75, 0x59, 0x17, 0x8e, 0xe6, 0xd7, 0x85, 0xdf, 0xf7, 0x71, 0xdf,
  0xc7, 0x79, 0x21, 0x59, 0x7e, 0xde, 0x38, 0x82, 0x5d, 0x07, 0x7a, 0x9a, 0x37, 0x7a, 0x9d, 0xf8,
  0x79, 0xa2, 0xd7, 0x89, 0xa5, 0x18, 0x86, 0x22, 0xc8, 0x8d, 0x25, 0xd8, 0x71, 0x1d, 0xe8, 0x81,
  0xdf, 0xf6, 0x8d, 0x9f, 0x47, 0x8a, 0xdd, 0x17, 0x8e, 0xa2, 0xf7, 0x7d, 0x9e, 0xc7, 0x75, 0xe0,
  0xb6, 0x7d, 0xdf, 0xe7, 0x81, 0xa5, 0x59, 0x6e, 0x9b, 0xc8, 0x71, 0xe4, 0x28, 0x8a, 0xdf, 0xd7,
  0x75, 0xe1, 0xc7, 0x81, 0x20, 0x27, 0x9a, 0x23, 0x18, 0x7e, 0x1f, 0xf9, 0x75, 0x1c, 0x06, 0x92,
  0xa0, 0x18, 0x86, 0xe0, 0x96, 0x6d, 0xda, 0x67, 0x96, 0xa0, 0x27, 0x92, 0xa3, 0xc7, 0x81, 0x5f,
  0xd7, 0x7d, 0xdf, 0x37, 0x96, 0xe2, 0x28, 0x8a, 0x22, 0xe7, 0x7d, 0xdf, 0x79, 0x76, 0x17, 0xe6,
  0x81, 0xd9, 0x26, 0x8a, 0x5f, 0x58, 0x8e, 0x5b, 0xf6, 0x8d, 0xe1, 0xf7, 0x7d, 0xdd, 0x17, 0x8a,
  0xa4, 0xd8, 0x65, 0x19, 0x07, 0x7e, 0x22, 0x39, 0x92, 0x64, 0x08, 0x82, 0xe0, 0x28, 0x82, 0xde,
  0x57, 0x96, 0x5b, 0xf6, 0x7d, 0xde, 0x07, 0x7a, 0x5f, 0xf8, 0x7d, 0x65, 0x19, 0x72, 0x9e, 0xb8,
  0x61, 0xe1, 0xe8, 0x69, 0x58, 0xe6, 0x7d, 0x60, 0xe7, 0x91, 0x66, 0x18, 0x96, 0xa4, 0xd7, 0x8d,
  0xe6, 0xc7, 0x89, 0x64, 0xd8, 0x79, 0xa1, 0xc8, 0x65, 0x1d, 0xc7, 0x85, 0xe2, 0x58, 0x8a, 0xa0,
  0xe8, 0x69, 0x9d, 0x28, 0x7a, 0xdd, 0xd7, 0x69, 0x1d, 0x19, 0x7e, 0xe1, 0xf7, 0x8d, 0x63, 0xe8,
  0x7d, 0xa3, 0xd8, 0x81, 0x63, 0xa7, 0x81, 0xe1, 0x06, 0x86, 0x20, 0xf8, 0x75, 0x1a, 0x57, 0x96,
  0x24, 0xf9, 0x7d, 0x1f, 0x17, 0x86, 0x1e, 0x29, 0x72, 0xdc, 0xe7, 0x81, 0x22, 0x08, 0x82, 0x60,
  0xf8, 0x79, 0x1f, 0x08, 0x7e, 0x9f, 0x17, 0x86, 0x1d, 0xd7, 0x85, 0xa5, 0xf8, 0x81, 0x5f, 0x17,
  0x96, 0xe3, 0xf7, 0x89, 0xe0, 0xa6, 0x79, 0xde, 0x27, 0x7e, 0x5e, 0x48, 0x86, 0x1d, 0x18, 0x76,
  0x9c, 0x48, 0x76, 0xdc, 0x07, 0x8a, 0x64, 0xe8, 0x7d, 0x5c, 0xb6, 0x75, 0x62, 0x09, 0x7e, 0x62,
  0x38, 0x82, 0x5e, 0x48, 0x8e, 0x60, 0x07, 0x82, 0x5e, 0x07, 0x8a, 0x9c, 0xf6, 0x7d, 0xde, 0x47,
  0x96, 0xe1, 0xf7, 0x75, 0x9f, 0xf8, 0x79, 0x1f, 0x28, 0x82, 0xdf, 0x38, 0x72, 0x5a, 0xe7, 0x75,
  0xdd, 0x68, 0x8e, 0x1f, 0x28, 0x82, 0xa0, 0xf8, 0x6d, 0xdc, 0x17, 0x96, 0x23, 0x18, 0x76, 0xd9,
  0xd6, 0x81, 0x61, 0xd7, 0x79, 0x62, 0x29, 0x7e, 0xe1, 0x28, 0x82, 0x5f, 0xc7, 0x7d, 0xa3, 0x28,
  0x8a, 0xa0, 0xb7, 0x75, 0x5f, 0xe7, 0x81, 0x60, 0xd8, 0x7d, 0x25, 0xe8, 0x89, 0x21, 0x28, 0x8a,
  0x60, 0xb7, 0x89, 0xe4, 0xe6, 0x85, 0x9e, 0x17, 0x82, 0x5f, 0xd7, 0x89, 0x63, 0xf8, 0x7d, 0xe0,
  0x17, 0x82, 0x9f, 0x28, 0x86, 0x61, 0x97, 0x69, 0x5f, 0xf7, 0x95, 0xa3, 0xd7, 0x79, 0x61, 0x59,
  0x92, 0xe1, 0xe7, 0x79, 0x9e, 0x18, 0x82, 0xdf, 0xd6, 0x7d, 0x5e, 0xe7, 0x71, 0x1e, 0x18, 0x82,
  0x1f, 0x49, 0x82, 0xe1, 0x08, 0x82, 0xe0, 0x37, 0x86, 0xdb, 0xf6, 0x7d, 0xa3, 0xc8, 0x6d, 0x60,
  0xf8, 0x81, 0xa4, 0xf8, 0x81, 0x9f, 0x07, 0x86, 0x22, 0xe8, 0x7d, 0xdf, 0xe6, 0x81, 0x59, 0x36,
  0x96, 0x5e, 0x17, 0x86, 0x63, 0x29, 0x86, 0xdf, 0x47, 0x86, 0x5a, 0x27, 0x8e, 0xe1, 0x27, 0x7a,
  0x9c, 0x18, 0x86, 0xa1, 0x48, 0x86, 0xe0, 0xe7, 0x8d, 0x63, 0xb7, 0x6d, 0x9d, 0xf8, 0x6d, 0x9c,
  0xf7, 0x89, 0x24, 0xa8, 0x71, 0xe2, 0xf8, 0x71, 0x5d, 0x38, 0x82, 0x9d, 0xf7, 0x81, 0x24, 0xe8,
  0x99, 0x65, 0x08, 0x82, 0x21, 0x29, 0x82, 0xa3, 0xa8, 0x6d, 0x23, 0x09, 0x6a, 0xd9, 0xe7, 0x65,
  0x5c, 0xe7, 0x89, 0x60, 0x08, 0x86, 0x24, 0x18, 0x96, 0xe2, 0xb6, 0x81, 0x21, 0xf8, 0x7d, 0x60,
  0xf8, 0x7d, 0xe3, 0xf7, 0x85, 0x1c, 0x68, 0x8e, 0xe0, 0x07, 0x8a, 0x9d, 0x47, 0x76, 0x99, 0x17,
  0x7e, 0x1e, 0xd7, 0x89, 0x60, 0x48, 0x82, 0x1c, 0x28, 0x82, 0xe2, 0xe8, 0x6d, 0x9f, 0x18, 0x76,
  0xdb, 0x07, 0x72, 0x1f, 0xf8, 0x89, 0xde, 0x57, 0x96, 0xa2, 0xf7, 0x99, 0x24, 0xd7, 0x7d, 0x62,
  0x19, 0x7e, 0x1f, 0xc7, 0x7d, 0xe2, 0x08, 0x7e, 0x5f, 0x08, 0x76, 0xdd, 0x17, 0x82, 0xdb, 0x06,
  0x86, 0xe1, 0xe7, 0x7d, 0xe1, 0x07, 0x8a, 0x9f, 0xc6, 0x85, 0x65, 0x49, 0x92, 0xa2, 0xb7, 0x75,
  0xe0, 0xe7, 0x71, 0xdc, 0x27, 0x82, 0x1e, 0x58, 0x96, 0xdf, 0x16, 0x86, 0xdf, 0xf7, 0x81, 0x1f,
  0xe7, 0x8d, 0xe3, 0xa7, 0x71, 0xa3, 0x39, 0x82, 0x62, 0x19, 0x72, 0x5e, 0x59, 0x76, 0x5b, 0xf8,
  0x69, 0x1a, 0xf7, 0x6d, 0x9c, 0x18, 0x7a, 0xa0, 0x07, 0x9a, 0x26, 0xd8, 0x8d, 0xa4, 0xb7, 0x79,
  0xa2, 0xd8, 0x6d, 0x5e, 0xb7, 0x71, 0xde, 0xe7, 0x81, 0x63, 0x18, 0x8a, 0xe3, 0x68, 0x96, 0xe2,
  0xb7, 0x81, 0x22, 0x86, 0x7d, 0x20, 0xf7, 0x85, 0xe1, 0xf7, 0x8d, 0xa2, 0x58, 0x8e, 0xa3, 0xf8,
  0x7d, 0x1f, 0x28, 0x82, 0x5b, 0x27, 0x8a, 0x5d, 0x96, 0x89, 0x23, 0x08, 0x82, 0xa0, 0x38, 0x96,
  0xa5, 0xc7, 0x81, 0xa0, 0xc7, 0x69, 0x5d, 0x08, 0x7a, 0x5c, 0xe7, 0x79, 0x5f, 0xf7, 0x81, 0x9e,
  0x69, 0x86, 0xe5, 0xe8, 0x85, 0xdf, 0x06, 0x82, 0x1c, 0x48, 0x76, 0x1c, 0x49, 0x7e, 0x5d, 0x28,
  0x76, 0xde, 0xf8, 0x7d, 0x25, 0x19, 0x72, 0x99, 0xe7, 0x79, 0xa4, 0xb7, 0x89, 0x5e, 0xf6, 0x91,
  0xa1, 0x07, 0x86, 0x1d, 0x27, 0x9a, 0x22, 0x08, 0x72, 0x1c, 0xf8, 0x7d, 0xde, 0x57, 0x8a, 0x5d,
  0x68, 0x8a, 0x5b, 0x07, 0x72, 0x5b, 0x58, 0x82, 0xde, 0x07, 0x82, 0xdf, 0x28, 0x76, 0x1f, 0xb8,
  0x81, 0xa5, 0xe8, 0x79, 0x22, 0xe9, 0x79, 0xdf, 0xc6, 0x81, 0x20, 0xe8, 0x71, 0xa1, 0xd8, 0x89,
  0xe1, 0x27, 0x8a, 0x5d, 0x07, 0x8a, 0xe2, 0xf7, 0x81, 0xe0, 0xb7, 0x6d, 0xe2, 0xe8, 0x75, 0x20,
  0x08, 0x8a, 0x64, 0xf9, 0x75, 0xe3, 0xd8, 0x6d, 0x9e, 0xc7, 0x71, 0x1d, 0xd7, 0x91, 0xe6, 0xb7,
  0x7d, 0x63, 0x18, 0x8e, 0x5e, 0x16, 0x92, 0xde, 0xd6, 0x91, 0xe6, 0xd7, 0x79, 0x5c, 0x68, 0x8a,
  0x5d, 0xe7, 0x79, 0x9c, 0x37, 0x82, 0x20, 0x39, 0x76, 0xdc, 0x07, 0x82, 0xe1, 0xc7, 0x7d, 0xe0,
  0x37, 0x8a, 0x62, 0xc8, 0x79, 0x60, 0xd7, 0x7d, 0x21, 0x08, 0x8e, 0xe2, 0x37, 0x8a, 0x1d, 0xe7,
  0x89, 0x61, 0x17, 0x92, 0xa1, 0x17, 0x86, 0x1d, 0xf7, 0x81, 0x9f, 0xe7, 0x81, 0x9e, 0x27, 0x8e,
  0xe2, 0xf8, 0x79, 0x60, 0xe8, 0x79, 0xe1, 0xc7, 0x6d, 0x1b, 0xe7, 0x85, 0x20, 0x28, 0x8e, 0x5e,
  0x27, 0x8e, 0xe1, 0x17, 0x86, 0x60, 0x29, 0x7a, 0xe3, 0xe8, 0x69, 0xdd, 0x08, 0x72, 0x9c, 0x27,
  0x8a, 0xa0, 0xe8, 0x75, 0x60, 0x28, 0x8e, 0xdc, 0x06, 0x8e, 0xa4, 0x87, 0x69, 0xe2, 0xf8, 0x79,
  0x22, 0x29, 0x76, 0x1a, 0x28, 0x82, 0xa3, 0x39, 0x76, 0xde, 0x38, 0x82, 0xe0, 0xd7, 0x71, 0x9a,
  0x26, 0x86, 0xa1, 0x08, 0x7e, 0x21, 0xc8, 0x81, 0x60, 0xe7, 0x81, 0xe5, 0xd8, 0x89, 0x62, 0xb7,
  0x71, 0x5f, 0x28, 0x8e, 0x5d, 0x47, 0x9a, 0x63, 0x08, 0x8e, 0x9d, 0x06, 0x72, 0x5c, 0x08, 0x86,
  0x22, 0xf8, 0x79, 0x5d, 0xf8, 0x75, 0x24, 0x09, 0x82, 0xa0, 0xd7, 0x75, 0xe0, 0xf8, 0x75, 0x1f,
  0xf7, 0x99, 0x24, 0x08, 0x7e, 0x9e, 0xd7, 0x85, 0x24, 0x08, 0x9e, 0x63, 0xe6, 0x85, 0x9e, 0x96,
  0x79, 0xa3, 0x08, 0x7e, 0xa0, 0x38, 0x7e, 0x1d, 0x28, 0x7a, 0xdf, 0x08, 0x76, 0x1c, 0x48, 0x7e,
  0x99, 0xc6, 0x7d, 0x62, 0xf8, 0x85, 0xa7, 0x39, 0x7e, 0xa1, 0x07, 0x96, 0x63, 0xd7, 0x75, 0x9c,
  0xd7, 0x79, 0x9f, 0x27, 0x86, 0x1c, 0x17, 0x8e, 0xa0, 0xf7, 0x89, 0x22, 0x38, 0x8a, 0xda, 0x36,
  0x82, 0x5f, 0xa8, 0x61, 0x1c, 0x29, 0x72, 0xa0, 0x69, 0x82, 0xa1, 0xf8, 0x75, 0x1f, 0x19, 0x82,
  0xa1, 0x07, 0x82, 0x1c, 0x17, 0x92, 0x9f, 0xa6, 0x89, 0xa0, 0x07, 0x8a, 0x25, 0xf8, 0x85, 0x9d,
  0x27, 0x82, 0xdf, 0xb7, 0x6d, 0x60, 0x08, 0x76, 0x9b, 0x37, 0x96, 0xe4, 0x18, 0x7e, 0x5d, 0x27,
  0x92, 0x62, 0xe8, 0x75, 0x20, 0x18, 0x92, 0x25, 0xa8, 0x6d, 0x22, 0xd8, 0x79, 0x60, 0xf8, 0x7d,
  0xe1, 0xf7, 0x85, 0x1f, 0xd7, 0x85, 0x1e, 0x07, 0x7e, 0xde, 0x58, 0x92, 0xa3, 0xf7, 0x7d, 0xdf,
  0xa6, 0x91, 0xe7, 0xa7, 0x6d, 0xe1, 0xe8, 0x7d, 0xe1, 0x07, 0x82, 0x1c, 0x58, 0x7e, 0xdd, 0x78,
  0x8a, 0x1e, 0x08, 0x6e, 0x1a, 0xd7, 0x81, 0xa4, 0xb7, 0x85, 0xe2, 0x07, 0x86, 0x24, 0x09, 0x82,
  0xa0, 0xa6, 0x81, 0xe2, 0x38, 0x72, 0x19, 0xf7, 0x85, 0x1f, 0x68, 0x96, 0x9d, 0x17, 0x7e, 0x20,
  0x18, 0x8e, 0x21, 0xf8, 0x79, 0xdd, 0xe7, 0x6d, 0x1d, 0xb8, 0x61, 0xa1, 0x29, 0x82, 0x1f, 0x59,
  0x7e, 0xa0, 0xd8, 0x69, 0x5c, 0x48, 0x92, 0xe3, 0xb7, 0x81, 0x61, 0x96, 0x89, 0xa4, 0x08, 0x7a,
  0x21, 0x19, 0x8e, 0x65, 0x08, 0x7a, 0x1a, 0xf7, 0x71, 0x5e, 0x08, 0x8a, 0x21, 0xe7, 0x81, 0x60,
  0x28, 0x8a, 0xe2, 0xd7, 0x81, 0x1d, 0x07, 0x8a, 0x25, 0xb8, 0x71, 0xdf, 0x17, 0x8a, 0x22, 0xb8,
  0x79, 0xa3, 0xe8, 0x79, 0x1f, 0x28, 0x8a, 0xde, 0x07, 0x7e, 0x5e, 0x27, 0x8e, 0x9e, 0x17, 0x8a,
  0x9e, 0x17, 0x82, 0xa0, 0x18, 0x76, 0xdd, 0x96, 0x75, 0xe3, 0x69, 0x76, 0xda, 0xe7, 0x79, 0x1f,
  0x68, 0x9a, 0x61, 0xc7, 0x79, 0x64, 0x19, 0x86, 0xdd, 0xc6, 0x75, 0xa1, 0x08, 0x8a, 0xe2, 0xf7,
  0x7d, 0x9f, 0xe7, 0x85, 0xa0, 0x47, 0x9a, 0xa1, 0xf7, 0x75, 0x5b, 0x37, 0x8a, 0x9b, 0xf6, 0x81,
  0xde, 0x27, 0x92, 0xe4, 0xd7, 0x7d, 0x1d, 0x27, 0x86, 0xde, 0x07, 0x8e, 0x9e, 0xf6, 0x79, 0x1e,
  0x49, 0x7a, 0x5c, 0x07, 0x82, 0xa0, 0x38, 0x92, 0xe3, 0xc7, 0x69, 0x20, 0x29, 0x82, 0xa3, 0xc8,
  0x6d, 0x21, 0x09, 0x7e, 0x20, 0xf8, 0x79, 0x1f, 0xf7, 0x91, 0xa1, 0x27, 0x86, 0xe1, 0x18, 0x72,
  0xdc, 0x07, 0x7e, 0x9d, 0xf7, 0x75, 0x1c, 0x18, 0x7e, 0xa1, 0xf8, 0x71, 0x9d, 0x87, 0x6d, 0x66,
  0x09, 0x7e, 0x1d, 0x38, 0x8a, 0xa5, 0x29, 0x82, 0x5f, 0x97, 0x71, 0x62, 0x28, 0x92, 0xe1, 0x07,
  0x92, 0x23, 0x18, 0x92, 0xde, 0x06, 0x7a, 0x1c, 0x28, 0x7e, 0xdc, 0xe6, 0x81, 0x9c, 0xb6, 0x69,
  0xdf, 0x59, 0x82, 0x23, 0x09, 0x7e, 0x62, 0x19, 0x7e, 0xe0, 0xb7, 0x71, 0x9f, 0xf7, 0x91, 0xa2,
  0xc7, 0x89, 0xe5, 0x96, 0x95, 0x26, 0x18, 0x8a, 0xde, 0xd7, 0x79, 0x63, 0xe8, 0x81, 0x5d, 0xc6,
  0x6d, 0xda, 0x57, 0x96, 0xe2, 0x17, 0x8e, 0x5e, 0x37, 0x96, 0xe3, 0xa7, 0x79, 0x60, 0xd7, 0x7d,
  0x60, 0x18, 0x82, 0xe1, 0xa7, 0x75, 0x23, 0x59, 0x8a, 0xdd, 0x27, 0x8a, 0xa2, 0x38, 0x92, 0xa1,
  0xe7, 0x75, 0x18, 0x16, 0x8a, 0x20, 0x69, 0x8e, 0x9e, 0xe6, 0x81, 0xde, 0x18, 0x66, 0xdc, 0x07,
  0x82, 0xa0, 0x69, 0x7a, 0xdb, 0xf7, 0x6d, 0x5b, 0x48, 0x86, 0xa1, 0x18, 0x82, 0x5f, 0xe7, 0x91,
  0x64, 0xf7, 0x85, 0x20, 0xc8, 0x65, 0x20, 0x19, 0x82, 0x9d, 0xe6, 0x85, 0xe2, 0x59, 0x7a, 0xdb,
  0x37, 0x86, 0x1b, 0x27, 0x9a, 0x65, 0xf8, 0x79, 0xdf, 0xb7, 0x81, 0xa6, 0xf8, 0x89, 0x5e, 0xf7,
  0x7d, 0x23, 0xc8, 0x75, 0x9c, 0xe7, 0x69, 0xdc, 0x78, 0x9a, 0x5f, 0xd7, 0x75, 0xdc, 0x07, 0x92,
  0x64, 0xc7, 0x81, 0x1f, 0xd7, 0x85, 0x24, 0xc9, 0x65, 0x21, 0xd9, 0x71, 0x63, 0x59, 0x7a, 0x5f,
  0xd8, 0x75, 0xe0, 0xf7, 0x81, 0xa0, 0x17, 0x86, 0xdc, 0x16, 0x96, 0xa6, 0xd8, 0x75, 0xdc, 0x06,
  0x9a, 0xa4, 0x18, 0x76, 0xdf, 0xe8, 0x69, 0xde, 0x38, 0x7e, 0xa1, 0xd8, 0x75, 0xa1, 0x38, 0x82,
  0x9d, 0xd7, 0x7d, 0xe0, 0xf6, 0x99, 0x61, 0x07, 0x86, 0x5e, 0x96, 0x81, 0xa5, 0x28, 0x8e, 0xde,
  0xf6, 0x7d, 0x5c, 0x38, 0x8a, 0x20, 0x48, 0x8e, 0x5b, 0x57, 0x9a, 0xa1, 0xf7, 0x7d, 0x5d, 0xe7,
  0x89, 0x23, 0xe8, 0x6d, 0x5a, 0xf7, 0x89, 0x65, 0xf9, 0x7d, 0xa3, 0xf8, 0x71, 0x1e, 0xe8, 0x85,
  0xe1, 0xd6, 0x85, 0x5f, 0x18, 0x76, 0xdf, 0xc7, 0x81, 0x1e, 0x27, 0x8a, 0x61, 0x29, 0x7e, 0x60,
  0xf7, 0x81, 0x5e, 0xf8, 0x71, 0x5b, 0x07, 0x8a, 0xe5, 0x08, 0x82, 0x64, 0x09, 0x72, 0xda, 0x26,
  0x9a, 0x65, 0xb7, 0x6d, 0x9e, 0x08, 0x7e, 0x60, 0xb7, 0x69, 0x5b, 0x07, 0x8e, 0x65, 0x39, 0x82,
  0xdd, 0x37, 0x8a, 0x5f, 0x58, 0x86, 0x5c, 0x28, 0x76, 0x1f, 0xe8, 0x89, 0xa0, 0x27, 0x7e, 0x5c,
  0xd7, 0x81, 0xa4, 0x08, 0x76, 0x9d, 0xa7, 0x71, 0x66, 0x09, 0x72, 0x1b, 0xc7, 0x71, 0x9e, 0x38,
  0x9a, 0x26, 0xb8, 0x71, 0x1f, 0x58, 0x8e, 0x9f, 0xb7, 0x7d, 0x22, 0x18, 0x92, 0x24, 0xf8, 0x71,
  0x5a, 0xe7, 0x81, 0xa2, 0x48, 0x96, 0x61, 0xd7, 0x7d, 0xdd, 0x06, 0x8a, 0x60, 0x28, 0x8a, 0x60,
  0x37, 0x8e, 0x9d, 0x07, 0x7a, 0xdc, 0xd6, 0x81, 0x1f, 0x08, 0x86, 0xa1, 0x07, 0x82, 0x60, 0x29,
  0x7a, 0x63, 0xf9, 0x6d, 0x1b, 0x38, 0x8a, 0xe3, 0xd7, 0x79, 0x9c, 0x17, 0x8e, 0xa0, 0x07, 0x7a,
  0xdc, 0x27, 0x86, 0xe0, 0xd7, 0x75, 0xde, 0xc7, 0x71, 0x60, 0xf8, 0x79, 0x1d, 0x38, 0x8e, 0x22,
  0x29, 0x7a, 0xa2, 0x08, 0x86, 0x22, 0xf8, 0x89, 0x23, 0xd8, 0x79, 0xdf, 0xd7, 0x71, 0x1e, 0x18,
  0x82, 0xde, 0xf7, 0x7d, 0x61, 0x08, 0x7e, 0xdb, 0xe6, 0x71, 0x5d, 0x48, 0x9a, 0xe1, 0xe6, 0x7d,
  0x1f, 0x18, 0x92, 0xe3, 0xe7, 0x79, 0xe1, 0x08, 0x7a, 0x61, 0xf8, 0x7d, 0x60, 0xb7, 0x7d, 0xa3,
  0x08, 0x86, 0x1e, 0xd7, 0x79, 0x21, 0xf8, 0x85, 0x1e, 0xf7, 0x81, 0x5d, 0x48, 0x8a, 0xa1, 0xc7,
  0x89, 0x25, 0xc8, 0x79, 0x22, 0x09, 0x82, 0xe1, 0xe7, 0x7d, 0x1d, 0x27, 0x96, 0xe2, 0xc7, 0x6d,
  0xdc, 0x47, 0x96, 0x1f, 0xe7, 0x7d, 0xdf, 0x17, 0x8a, 0xe1, 0xc7, 0x69, 0x9b, 0xf7, 0x81, 0xe3,
  0xf8, 0x75, 0x9e, 0x17, 0x86, 0xa1, 0x69, 0x76, 0x9a, 0x07, 0x92, 0xa3, 0xd7, 0x75, 0x9b, 0x07,
  0x6e, 0xa0, 0x18, 0x92, 0x23, 0x08, 0x86, 0x1d, 0xf7, 0x81, 0x20, 0x28, 0x8a, 0xde, 0x07, 0x76,
  0xdc, 0xe7, 0x79, 0x9c, 0xe6, 0x81, 0xdf, 0x69, 0x82, 0x5f, 0x08, 0x76, 0xdc, 0x27, 0x86, 0x60,
  0x18, 0x82, 0x1d, 0xd7, 0x85, 0x65, 0xf8, 0x79, 0x1e, 0xf8, 0x89, 0x25, 0x19, 0x82, 0xdd, 0xf6,
  0x81, 0x5e, 0xe7, 0x85, 0x61, 0xc7, 0x6d, 0x99, 0x37, 0x8e, 0xe4, 0xf8, 0x81, 0xa1, 0x38, 0x7a,
  0xdc, 0x28, 0x82, 0x25, 0x98, 0x6d, 0xa5, 0x09, 0x7a, 0x5e, 0xb7, 0x69, 0xa0, 0xf8, 0x91, 0xa5,
  0xb7, 0x7d, 0xdf, 0xd6, 0x8d, 0xa1, 0x17, 0x82, 0xde, 0xd6, 0x91, 0xa6, 0xc8, 0x71, 0x20, 0xf8,
  0x85, 0xa2, 0x38, 0x86, 0x62, 0x39, 0x7a, 0x9a, 0x37, 0x7e, 0x1c, 0x08, 0x7a, 0x9f, 0xc7, 0x89,
  0x25, 0xf8, 0x81, 0x1e, 0xc7, 0x7d, 0x62, 0x28, 0x92, 0x61, 0xc7, 0x75, 0x1f, 0x49, 0x76, 0x5b,
  0x17, 0x86, 0x5c, 0x37, 0x86, 0x5e, 0x58, 0x8e, 0xdd, 0x16, 0x92, 0x23, 0xd8, 0x81, 0xe3, 0xd7,
  0x81, 0xe3, 0x28, 0x7a, 0x1d, 0x28, 0x7a, 0x9c, 0x07, 0x86, 0xdf, 0x07, 0x76, 0x1b, 0x48, 0x8e,
  0xdf, 0xc6, 0x91, 0x60, 0xe6, 0x8d, 0xa3, 0x18, 0x82, 0xe1, 0x97, 0x75, 0xa2, 0x38, 0x82, 0x9c,
  0x07, 0x86, 0xe7, 0x19, 0x7a, 0xdd, 0x17, 0x76, 0x9b, 0x07, 0x8a, 0xe2, 0xf7, 0x75, 0xd9, 0x16,
  0x8a, 0xa0, 0xe7, 0x85, 0x63, 0x28, 0x86, 0x20, 0x29, 0x7a, 0x5e, 0xf8, 0x65, 0x9b, 0x78, 0x8a,
  0x1b, 0x28, 0x7e, 0x20, 0xd8, 0x81, 0x64, 0x59, 0x86, 0x60, 0xd8, 0x71, 0xa4, 0xd9, 0x71, 0x60,
  0x87, 0x65, 0x1f, 0x49, 0x76, 0x59, 0x27, 0x8a, 0xe0, 0x17, 0x8e, 0x62, 0xf8, 0x8d, 0x21, 0xc6,
  0x95, 0xe1, 0xf7, 0x65, 0x5e, 0x09, 0x7e, 0x61, 0xf7, 0x89, 0x63, 0xf9, 0x79, 0xe5, 0xe8, 0x7d,
  0x23, 0xd8, 0x79, 0x5c, 0xb6, 0x81, 0x62, 0xd7, 0x91, 0xa5, 0xe7, 0x8d, 0x62, 0x28, 0x8e, 0xa1,
  0xf7, 0x85, 0x62, 0x18, 0x7e, 0x99, 0x36, 0x8a, 0x5b, 0x37, 0x86, 0x9e, 0x58, 0x8a, 0x5f, 0x08,
  0x86, 0xa0, 0xd7, 0x79, 0x5d, 0xf7, 0x85, 0x26, 0x99, 0x69, 0x22, 0xb8, 0x79, 0x61, 0xe8, 0x71,
  0xe1, 0x28, 0x8a, 0xdf, 0xb6, 0x79, 0xdf, 0x07, 0x86, 0x5f, 0x48, 0x7e, 0xdf, 0x68, 0x92, 0x1d,
  0x07, 0x8a, 0x25, 0x09, 0x72, 0x9a, 0x07, 0x7e, 0x21, 0x28, 0x92, 0x9f, 0x27, 0x7e, 0x61, 0xc8,
  0x79, 0x5f, 0xf7, 0x7d, 0xde, 0x37, 0x92, 0xa1, 0xa7, 0x69, 0x1f, 0x29, 0x8a, 0x22, 0x48, 0x9a,
  0x60, 0x17, 0x86, 0xdd, 0xc6, 0x75, 0x1a, 0x68, 0x7e, 0x1a, 0x07, 0x8a, 0x1f, 0xe7, 0x75, 0x20,
  0x19, 0x82, 0xe3, 0x38, 0x86, 0x5c, 0xe7, 0x7d, 0x62, 0xd8, 0x79, 0x20, 0xe8, 0x85, 0xa3, 0x08,
  0x82, 0xa3, 0xc8, 0x71, 0x5f, 0x18, 0x8a, 0xa2, 0xc7, 0x79, 0x20, 0xe8, 0x85, 0xe0, 0xb6, 0x79,
  0x61, 0x18, 0x86, 0xdf, 0x27, 0x8e, 0xa0, 0x28, 0x7a, 0xdb, 0xf7, 0x6d, 0xde, 0xd7, 0x81, 0x5f,
  0xe7, 0x81, 0x61, 0x18, 0x8a, 0x60, 0x17, 0x8e, 0xa0, 0x28, 0x7e, 0xa0, 0xd7, 0x75, 0xe0, 0x28,
  0x7e, 0x1c, 0xf7, 0x81, 0xe1, 0x08, 0x76, 0xe0, 0x08, 0x76, 0x20, 0x08, 0x7a, 0x5b, 0x07, 0x8a,
  0x20, 0x58, 0x92, 0x9c, 0xe6, 0x8d, 0x64, 0xd8, 0x81, 0x21, 0x18, 0x82, 0xe0, 0x18, 0x6a, 0x1c,
  0xe8, 0x81, 0x22, 0x08, 0x7e, 0x1c, 0x28, 0x76, 0xdb, 0xe6, 0x89, 0x9c, 0xe6, 0x81, 0x22, 0xd8,
  0x85, 0xe5, 0xe7, 0x81, 0x63, 0xd8, 0x89, 0x24, 0x08, 0x7e, 0x60, 0x18, 0x86, 0x5e, 0x37, 0x82,
  0x9a, 0x67, 0x9a, 0x5e, 0x07, 0x76, 0x5f, 0x49, 0x82, 0x5e, 0xb7, 0x81, 0x61, 0xd7, 0x71, 0xdc,
  0xb7, 0x69, 0x63, 0x29, 0x7a, 0xde, 0x27, 0x86, 0x5f, 0x08, 0x7e, 0x9f, 0xd7, 0x81, 0xe3, 0x08,
  0x76, 0xdc, 0xc6, 0x89, 0x22, 0xe7, 0x89, 0xe3, 0xf8, 0x7d, 0x63, 0xf8, 0x75, 0xdb, 0x27, 0x82,
  0x9f, 0x28, 0x82, 0x1f, 0xf8, 0x71, 0x5a, 0x17, 0x86, 0xde, 0x17, 0x92, 0x66, 0xe8, 0x8d, 0xa2,
  0xd7, 0x71, 0xa1, 0xc8, 0x7d, 0xe3, 0xd7, 0x79, 0x20, 0xc8, 0x75, 0xa1, 0x28, 0x86, 0xde, 0x57,
  0x9a, 0xe2, 0xa6, 0x81, 0xa4, 0xd7, 0x89, 0x1d, 0x17, 0x8e, 0x1e, 0xe7, 0x79, 0x60, 0xf8, 0x71,
  0x5b, 0x58, 0x8e, 0xe0, 0xd7, 0x71, 0x5f, 0x28, 0x82, 0xe1, 0x38, 0x8a, 0x5f, 0xf7, 0x81, 0x20,
  0xe7, 0x91, 0xa5, 0xf8, 0x7d, 0xe4, 0xe8, 0x79, 0x1f, 0xd7, 0x7d, 0xdd, 0xe7, 0x69, 0xde, 0x48,
  0x82, 0x9b, 0x16, 0x7e, 0xdb, 0x58, 0x92, 0xe1, 0x07, 0x86, 0x1e, 0x38, 0x86, 0xdf, 0xf7, 0x81,
  0x60, 0x18, 0x7e, 0xe0, 0x18, 0x72, 0x5c, 0x08, 0x7a, 0x1f, 0x08, 0x82, 0x20, 0x08, 0x7a, 0x9b,
  0x47, 0x86, 0xa2, 0xd8, 0x75, 0x9f, 0x17, 0x92, 0x21, 0xf8, 0x85, 0xe3, 0xe7, 0x85, 0x1e, 0x28,
  0x72, 0xdb, 0x17, 0x8a, 0x5f, 0x47, 0x92, 0xde, 0x07, 0x7e, 0x62, 0xd8, 0x7d, 0x22, 0x29, 0x72,
  0x5b, 0xe7, 0x8d, 0xa7, 0xb8, 0x75, 0xa2, 0x08, 0x86, 0x65, 0xb8, 0x79, 0xa1, 0x97, 0x79, 0x61,
  0xe7, 0x75, 0x1e, 0x18, 0x8a, 0x5d, 0x37, 0x9a, 0xa6, 0xe8, 0x79, 0x5d, 0x07, 0x86, 0x21, 0x18,
  0x86, 0x9e, 0xb7, 0x69, 0x63, 0xe9, 0x71, 0x5d, 0x17, 0x8e, 0x20, 0x69, 0x82, 0x20, 0xc8, 0x71,
  0xdf, 0xc6, 0x91, 0xe4, 0xc7, 0x7d, 0xa2, 0xe7, 0x85, 0x21, 0x08, 0x86, 0xa3, 0x28, 0x86, 0x1c,
  0x48, 0x82, 0x9d, 0xc7, 0x61, 0xd8, 0x47, 0x9e, 0xa1, 0xe6, 0x89, 0xe0, 0x17, 0x92, 0x22, 0x08,
  0x82, 0xe0, 0xf7, 0x85, 0xa3, 0x08, 0x6e, 0x9b, 0x07, 0x8e, 0xe0, 0x37, 0x8a, 0x9c, 0x07, 0x7e,
  0x20, 0x18, 0x82, 0xdf, 0x07, 0x8e, 0xdd, 0xc6, 0x89, 0x9f, 0x17, 0x7e, 0x9f, 0x18, 0x86, 0x62,
  0x18, 0x86, 0xa0, 0xe7, 0x71, 0x9d, 0x69, 0x96, 0x20, 0xc7, 0x79, 0x5d, 0x17, 0x7e, 0x5e, 0xf8,
  0x81, 0x62, 0xf8, 0x81, 0x21, 0xe8, 0x6d, 0x5b, 0xc7, 0x79, 0x65, 0x49, 0x7e, 0x9c, 0xe7, 0x79,
  0xe1, 0x28, 0x8a, 0xe2, 0xe7, 0x7d, 0xdf, 0xf7, 0x81, 0x21, 0xb7, 0x7d, 0x62, 0x39, 0x7a, 0x20,
  0xe8, 0x85, 0xa1, 0xc7, 0x6d, 0xdf, 0x48, 0x86, 0x5d, 0xc7, 0x61, 0x19, 0x78, 0x9a, 0x1f, 0x38,
  0x82, 0x5f, 0xf8, 0x85, 0xe3, 0xc7, 0x6d, 0xdd, 0x07, 0x82, 0xa5, 0xc9, 0x5d, 0x1c, 0xe8, 0x7d,
  0x66, 0x29, 0x9e, 0x67, 0xe8, 0x81, 0xde, 0x06, 0x8e, 0x1c, 0xf7, 0x79, 0xde, 0xe6, 0x91, 0xa1,
  0xc7, 0x6d, 0x1f, 0xe8, 0x85, 0xe4, 0x18, 0x7e, 0x5e, 0xb7, 0x69, 0x9d, 0x48, 0x86, 0x1d, 0xf7,
  0x85, 0x60, 0x18, 0x92, 0xe6, 0x28, 0x96, 0xa3, 0xd6, 0x99, 0x26, 0xa7, 0x81, 0x5e, 0xa6, 0x7d,
  0x22, 0x18, 0x76, 0xd7, 0x36, 0x8e, 0xde, 0x57, 0x92, 0x9e, 0x28, 0x6a, 0x1a, 0x69, 0x82, 0x20,
  0xc8, 0x75, 0x61, 0x59, 0x76, 0x5a, 0x48, 0x86, 0xa0, 0xc7, 0x85, 0x64, 0xe8, 0x7d, 0x5f, 0xe7,
  0x79, 0x1c, 0x18, 0x82, 0xe1, 0xb7, 0x6d, 0xde, 0x07, 0x82, 0x60, 0x48, 0x82, 0x9b, 0x37, 0x92,
  0x23, 0xe8, 0x81, 0x5e, 0x27, 0x8a, 0xa2, 0xf8, 0x81, 0x5f, 0xe7, 0x79, 0x60, 0x59, 0x72, 0x5e,
  0xe8, 0x85, 0x60, 0x17, 0x92, 0x20, 0xf7, 0x85, 0xde, 0x27, 0x8a, 0xe1, 0xf7, 0x89, 0x5d, 0xb6,
  0x91, 0x65, 0xf8, 0x7d, 0x1f, 0xf8, 0x79, 0xe1, 0xf8, 0x79, 0x21, 0x18, 0x7e, 0x1d, 0x18, 0x82,
  0x20, 0xe8, 0x71, 0x1d, 0xd7, 0x85, 0x25, 0x29, 0x82, 0x20, 0xd8, 0x79, 0xa2, 0x28, 0x86, 0xe0,
  0xb7, 0x69, 0x62, 0x09, 0x82, 0x1f, 0xf7, 0x7d, 0x1e, 0x28, 0x86, 0x9f, 0x07, 0x8a, 0x60, 0xc7,
  0x81, 0x25, 0x19, 0x8a, 0xe3, 0xb7, 0x71, 0xdd, 0xf7, 0x79, 0x61, 0xc8, 0x81, 0x25, 0x49, 0x7e,
  0x59, 0x17, 0x72, 0xda, 0x46, 0xa2, 0xe1, 0xf6, 0x79, 0xda, 0xe6, 0x81, 0x9e, 0x07, 0x8e, 0xa4,
  0x28, 0x86, 0xe3, 0x29, 0x6a, 0x9b, 0xe7, 0x81, 0xa2, 0x69, 0x82, 0x9e, 0xb7, 0x69, 0x1b, 0x17,
  0x92, 0x9e, 0x37, 0x8a, 0x1f, 0xe7, 0x91, 0x64, 0xc8, 0x79, 0x5f, 0xe7, 0x79, 0x61, 0x29, 0x6a,
  0xda, 0x27, 0x8a, 0xdf, 0x78, 0x86, 0xe2, 0xd8, 0x65, 0x19, 0x17, 0x86, 0x63, 0xc8, 0x7d, 0xa0,
  0x96, 0x85, 0xe4, 0xd7, 0x79, 0x20, 0xe8, 0x85, 0x25, 0x39, 0x82, 0x9e, 0xc7, 0x6d, 0xdb, 0x67,
  0x96, 0x20, 0x28, 0x86, 0xdd, 0xe6, 0x81, 0x20, 0xd8, 0x71, 0x9e, 0x07, 0x8e, 0xe4, 0x18, 0x76,
  0x1d, 0xf8, 0x79, 0xa4, 0x39, 0x8a, 0x5c, 0x47, 0x82, 0x5d, 0xf7, 0x95, 0x23, 0xc7, 0x75, 0xde,
  0xf7, 0x85, 0xe3, 0xe7, 0x81, 0x1f, 0x18, 0x7a, 0xdf, 0x38, 0x7e, 0x1c, 0x07, 0x8a, 0xa0, 0x07,
  0x8a, 0x22, 0xe8, 0x79, 0x9d, 0x37, 0x92, 0x21, 0x08, 0x8e, 0xe0, 0xa6, 0x89, 0x64, 0xb7, 0x65,
  0xd9, 0x06, 0x82, 0x9f, 0x38, 0x82, 0x61, 0x08, 0x92, 0x24, 0x38, 0x96, 0x21, 0x18, 0x86, 0x5b,
  0xf6, 0x91, 0x23, 0xe8, 0x71, 0x5e, 0x07, 0x96, 0x9f, 0x37, 0x86, 0x61, 0xd8, 0x79, 0x21, 0x69,
  0x7a, 0xd9, 0xa6, 0x69, 0x9f, 0x28, 0x7e, 0x5d, 0xf7, 0x7d, 0x5f, 0x08, 0x8e, 0x26, 0x39, 0x7e,
  0x9b, 0x07, 0x82, 0xe2, 0x87, 0x61, 0x1d, 0xe8, 0x75, 0x23, 0x5a, 0x7e, 0x20, 0x08, 0x86, 0x5e,
  0x47, 0x9e, 0x65, 0xe8, 0x69, 0x1c, 0xf8, 0x75, 0x5e, 0xe7, 0x85, 0x1f, 0x08, 0x7e, 0xe2, 0x28,
  0x82, 0x5b, 0x17, 0x7e, 0x9e, 0x48, 0x8a, 0xe1, 0xd7, 0x69, 0x5a, 0x38, 0x86, 0xa1, 0x28, 0x8a,
  0x22, 0xc7, 0x81, 0x23, 0xd9, 0x6d, 0x9d, 0xf7, 0x95, 0x25, 0xa7, 0x79, 0x1d, 0xc7, 0x75, 0x20,
  0xf8, 0x89, 0x24, 0x29, 0x76, 0x9c, 0x17, 0x8e, 0xa2, 0xc7, 0x81, 0x65, 0x39, 0x8a, 0xe1, 0xd7,
  0x7d, 0xe2, 0xd7, 0x85, 0xe5, 0x28, 0x7a, 0x5e, 0xb7, 0x81, 0xe2, 0xd6, 0x89, 0x62, 0x18, 0x86,
  0x21, 0x08, 0x7e, 0x9c, 0xd6, 0x81, 0x9f, 0x17, 0x92, 0xa1, 0xe7, 0x7d, 0x5d, 0x27, 0x82, 0x9d,
  0x38, 0x86, 0x64, 0xf9, 0x6d, 0x5e, 0x18, 0x86, 0x20, 0xe8, 0x69, 0xdd, 0x38, 0x86, 0x1a, 0x16,
  0x92, 0xde, 0x67, 0x9a, 0xe2, 0x48, 0x82, 0x9c, 0xc6, 0x79, 0x22, 0xe9, 0x75, 0x22, 0x29, 0x7a,
  0xdb, 0x07, 0x6e, 0xdf, 0xf8, 0x7d, 0x60, 0x58, 0x96, 0x22, 0xd8, 0x6d, 0x18, 0x06, 0x96, 0xa1,
  0x07, 0x86, 0xdf, 0xe7, 0x79, 0x21, 0x39, 0x8a, 0x21, 0x28, 0x8e, 0x1f, 0x58, 0x82, 0xdc, 0x17,
  0x76, 0x1a, 0xf7, 0x7d, 0x9f, 0xe7, 0x81, 0x5e, 0x07, 0x8a, 0x64, 0x49, 0x7e, 0x22, 0xc8, 0x89,
  0xa4, 0xb7, 0x75, 0xa1, 0x18, 0x7e, 0xe1, 0xd7, 0x81, 0xdf, 0x17, 0x86, 0xdd, 0x47, 0x8a, 0x9f,
  0xc7, 0x71, 0x5f, 0xf8, 0x71, 0x5b, 0x07, 0x8a, 0xe2, 0xd7, 0x7d, 0xe4, 0x08, 0x86, 0xa3, 0xf8,
  0x81, 0x24, 0x29, 0x82, 0x1d, 0xb7, 0x71, 0x62, 0xd8, 0x7d, 0x5f, 0xf7, 0x79, 0xdd, 0x17, 0x96,
  0x26, 0xb8, 0x81, 0xdf, 0xe6, 0x85, 0x20, 0x18, 0x82, 0x1d, 0x17, 0x86, 0x1e, 0x79, 0x7a, 0xda,
  0x07, 0x76, 0xdd, 0x37, 0x96, 0xe1, 0xa6, 0x79, 0xa4, 0xc7, 0x81, 0xe1, 0x28, 0x82, 0xe1, 0x07,
  0x92, 0x24, 0xe8, 0x79, 0x5f, 0xf7, 0x89, 0x60, 0x28, 0x82, 0x5f, 0xd7, 0x85, 0x1e, 0x27, 0x8e,
  0x9f, 0x48, 0x82, 0x9d, 0xb6, 0x85, 0xa0, 0x17, 0x76, 0x1e, 0xc8, 0x7d, 0xe3, 0x48, 0x8e, 0xa1,
  0xc7, 0x75, 0xa5, 0x39, 0x82, 0xe0, 0x07, 0x7e, 0x99, 0xd6, 0x71, 0xdd, 0xe6, 0x89, 0x23, 0x39,
  0x7e, 0xe0, 0x38, 0x8a, 0xdf, 0x07, 0x76, 0x1e, 0x29, 0x72, 0x9c, 0xc7, 0x61, 0xdd, 0xf7, 0x91,
  0x66, 0x29, 0x82, 0x5d, 0x58, 0x82, 0x9d, 0xf7, 0x81, 0x9f, 0xf7, 0x81, 0x5f, 0xd7, 0x71, 0x1b,
  0xc7, 0x71, 0xa2, 0x59, 0x8a, 0xe4, 0xf8, 0x85, 0xe0, 0x17, 0x82, 0x1e, 0xf8, 0x6d, 0x5d, 0x18,
  0x7a, 0x9b, 0xb6, 0x79, 0x5f, 0x28, 0x9e, 0x27, 0xf8, 0x89, 0x20, 0xb7, 0x79, 0xa0, 0xf7, 0x85,
  0xa0, 0xd7, 0x79, 0xdd, 0x06, 0x8e, 0xe0, 0x78, 0x82, 0x1c, 0x28, 0x8e, 0x64, 0xc8, 0x69, 0x1c,
  0xd7, 0x85, 0x64, 0x39, 0x82, 0x20, 0x87, 0x65, 0x1f, 0x69, 0x9a, 0xa1, 0x27, 0x86, 0x9c, 0x47,
  0x92, 0xdf, 0xa6, 0x81, 0x63, 0xc7, 0x89, 0x26, 0xe9, 0x75, 0x9c, 0xb6, 0x79, 0xde, 0x37, 0x86,
  0x5f, 0xf8, 0x6d, 0x1b, 0x38, 0x82, 0x5e, 0x18, 0x82, 0x9e, 0x07, 0x7e, 0xe1, 0x28, 0x86, 0xa1,
  0xb7, 0x81, 0x25, 0xf8, 0x89, 0xa1, 0x38, 0x82, 0xa0, 0x18, 0x8a, 0xe3, 0xf7, 0x81, 0x5a, 0xb6,
  0x75, 0xdf, 0x17, 0x8a, 0x1d, 0x17, 0x92, 0xa1, 0x58, 0x8a, 0x9d, 0x07, 0x82, 0x22, 0xc8, 0x71,
  0x1d, 0x18, 0x6e, 0x5c, 0xf8, 0x75, 0x9f, 0x58, 0x8a, 0x1e, 0xf8, 0x75, 0xa2, 0x08, 0x8e, 0xa0,
  0xb6, 0x81, 0x21, 0x08, 0x8a, 0xa1, 0xa6, 0x91, 0x26, 0xe8, 0x81, 0xa5, 0xd9, 0x71, 0x65, 0x29,
  0x8a, 0x5f, 0xc7, 0x71, 0x1d, 0xc7, 0x7d, 0x9f, 0x07, 0x82, 0xa0, 0x08, 0x86, 0x24, 0xd8, 0x85,
  0xa1, 0xe7, 0x79, 0x21, 0x39, 0x82, 0xdf, 0xe7, 0x79, 0x5d, 0x07, 0x8a, 0xdf, 0x07, 0x7e, 0x9e,
  0x07, 0x8e, 0xdc, 0xf6, 0x81, 0x22, 0xe8, 0x79, 0x61, 0x39, 0x86, 0xe1, 0xf7, 0x71, 0x9c, 0x68,
  0x9a, 0xe4, 0xd7, 0x6d, 0x9c, 0x48, 0x7e, 0x9d, 0x58, 0x86, 0x9b, 0x47, 0x82, 0xdc, 0xe7, 0x71,
  0x5e, 0xa7, 0x7d, 0x22, 0x18, 0x86, 0x62, 0xc8, 0x75, 0x61, 0xe8, 0x85, 0xa6, 0x18, 0x96, 0x63,
  0xd7, 0x81, 0x5f, 0x17, 0x8e, 0x5d, 0xf7, 0x79, 0xde, 0xe7, 0x7d, 0x20, 0x18, 0x8e, 0xdf, 0x47,
  0x96, 0x20, 0x07, 0x7a, 0xda, 0x07, 0x6e, 0x1b, 0x58, 0x96, 0x62, 0x18, 0x7a, 0x1f, 0xe8, 0x75,
  0x21, 0x49, 0x82, 0xdf, 0x07, 0x82, 0x5f, 0xe7, 0x7d, 0x9f, 0xd7, 0x7d, 0xa2, 0x08, 0x86, 0xa0,
  0xc7, 0x6d, 0xdf, 0xf8, 0x71, 0xa1, 0x49, 0x7a, 0x5c, 0xe8, 0x65, 0xdd, 0x08, 0x76, 0xe0, 0x48,
  0x86, 0x1c, 0x17, 0x92, 0xe2, 0xb6, 0x89, 0xa4, 0xf8, 0x7d, 0xe4, 0xc8, 0x79, 0xe2, 0xd7, 0x75,
  0xde, 0x17, 0x92, 0xe6, 0xd8, 0x6d, 0xdc, 0x26, 0x9e, 0x24, 0x07, 0x92, 0xa2, 0x38, 0x86, 0x1d,
  0xf7, 0x7d, 0x5b, 0xc6, 0x85, 0x20, 0xd7, 0x85, 0x62, 0xf8, 0x65, 0x1a, 0x48, 0x96, 0xa3, 0x48,
  0x96, 0xa0, 0xe6, 0x85, 0xe0, 0xe7, 0x7d, 0x61, 0xc7, 0x8d, 0xa1, 0x17, 0x8e, 0xa5, 0xb8, 0x7d,
  0xe3, 0xf7, 0x81, 0xa1, 0xf8, 0x69, 0xda, 0xd6, 0x81, 0x22, 0xf8, 0x85, 0x60, 0x07, 0x86, 0x9f,
  0x47, 0x9e, 0x64, 0x28, 0x86, 0x1f, 0xe8, 0x75, 0x1e, 0x86, 0x6d, 0x1f, 0x08, 0x76, 0x1e, 0x39,
  0x82, 0xa3, 0x08, 0x7e, 0xdd, 0x78, 0x8e, 0x9c, 0x17, 0x8a, 0xe0, 0xc6, 0x89, 0xe4, 0xc7, 0x75,
  0xa4, 0x09, 0x7e, 0x20, 0x08, 0x7e, 0xdd, 0x27, 0x7a, 0x1a, 0xf7, 0x71, 0x99, 0x47, 0x8a, 0x5e,
  0x37, 0x8e, 0xde, 0x17, 0x82, 0xa1, 0x28, 0x7a, 0x9e, 0x08, 0x7a, 0x66, 0xc9, 0x69, 0xda, 0x17,
  0x7e, 0xdf, 0x08, 0x7a, 0x63, 0x29, 0x7a, 0x5d, 0xd7, 0x79, 0xa2, 0xf8, 0x81, 0x20, 0xf7, 0x91,
  0xa1, 0x07, 0x92, 0x65, 0xe8, 0x85, 0x22, 0xf8, 0x7d, 0xe1, 0xb7, 0x69, 0x9a, 0x37, 0x8a, 0x1e,
  0x18, 0x7e, 0x21, 0xe8, 0x81, 0xe2, 0x28, 0x8e, 0x65, 0xb8, 0x6d, 0x1f, 0xd8, 0x75, 0x20, 0xd8,
  0x79, 0x1e, 0x48, 0x92, 0x61, 0xf8, 0x71, 0x5e, 0xf7, 0x89, 0x9e, 0x57, 0x96, 0x1c, 0xa6, 0x7d,
  0x20, 0xd7, 0x7d, 0x62, 0x59, 0x82, 0x5e, 0x68, 0x9e, 0x63, 0xf8, 0x69, 0xdd, 0x38, 0x86, 0x9f,
  0xf7, 0x6d, 0x99, 0x07, 0x76, 0x20, 0xd8, 0x95, 0x66, 0xf8, 0x85, 0xa0, 0x07, 0x8a, 0x5f, 0x96,
  0x7d, 0xa0, 0xc7, 0x79, 0x61, 0x48, 0x86, 0x59, 0x26, 0x9a, 0xa5, 0x08, 0x86, 0xde, 0xd6, 0x7d,
  0x1f, 0x48, 0x92, 0xdb, 0x16, 0x92, 0xa3, 0x08, 0x82, 0xa1, 0xd7, 0x79, 0xe0, 0x38, 0x82, 0x61,
  0xd8, 0x75, 0xdf, 0x17, 0x7e, 0x1c, 0x38, 0x86, 0xdf, 0xd7, 0x79, 0x1f, 0x07, 0x8a, 0x5c, 0x07,
  0x82, 0xa3, 0x08, 0x8e, 0xe3, 0xb7, 0x71, 0x20, 0x18, 0x8a, 0x64, 0x29, 0x72, 0x1b, 0xb7, 0x6d,
  0x9e, 0x08, 0x76, 0xa0, 0xe7, 0x89, 0x62, 0x28, 0x86, 0xe2, 0xf8, 0x6d, 0x1d, 0x28, 0x8a, 0x1e,
  0xa7, 0x69, 0x1f, 0xd8, 0x81, 0x24, 0x49, 0x8a, 0xa1, 0x28, 0x8a, 0xe4, 0x08, 0x8a, 0xa3, 0xd7,
  0x71, 0x5a, 0x27, 0x82, 0x20, 0xf8, 0x85, 0x5e, 0x27, 0x92, 0xe2, 0x38, 0x86, 0x1b, 0x96, 0x7d,
  0xe2, 0xf8, 0x65, 0x1b, 0xc8, 0x65, 0xe0, 0x28, 0x8a, 0x1c, 0x17, 0x82, 0x21, 0x29, 0x9a, 0x68,
  0xe8, 0x85, 0xdf, 0xe7, 0x79, 0x62, 0x97, 0x81, 0xa3, 0x08, 0x82, 0xe3, 0x18, 0x86, 0xa0, 0xe7,
  0x7d, 0x5d, 0x07, 0x8e, 0x23, 0xd8, 0x71, 0x9a, 0x16, 0x96, 0x64, 0x08, 0x7e, 0x1e, 0x28, 0x86,
  0xa1, 0x18, 0x7e, 0x9e, 0xd7, 0x69, 0xde, 0x08, 0x7a, 0xa3, 0xe8, 0x75, 0x9f, 0x58, 0x8a, 0x1d,
  0x38, 0x82, 0x5d, 0x27, 0x96, 0x23, 0xb7, 0x6d, 0x5f, 0x18, 0x86, 0x1f, 0x08, 0x72, 0x20, 0x29,
  0x7e, 0x5d, 0xf7, 0x79, 0xdb, 0x27, 0x7a, 0x1d, 0x28, 0x86, 0x9c, 0x47, 0x86, 0x9f, 0x48, 0x8e,
  0xe4, 0x08, 0x8a, 0x22, 0xa7, 0x79, 0x62, 0xe8, 0x75, 0x5e, 0xa7, 0x69, 0x5e, 0x58, 0x92, 0x1d,
  0x07, 0x92, 0x24, 0x39, 0x82, 0x5b, 0xd6, 0x89, 0x9d, 0x16, 0x96, 0xe5, 0x18, 0x82, 0xdf, 0xf7,
  0x75, 0xde, 0x38, 0x8a, 0xe5, 0xd8, 0x71, 0x1c, 0xc7, 0x79, 0xa1, 0xd7, 0x81, 0xe0, 0x07, 0x82,
  0xe2, 0xf8, 0x71, 0xdf, 0xf7, 0x8d, 0x26, 0x39, 0x9a, 0x24, 0xa7, 0x69, 0x9e, 0xe8, 0x75, 0xe2,
  0xc7, 0x7d, 0x21, 0xf8, 0x7d, 0x5d, 0x17, 0x92, 0x5e, 0x37, 0x92, 0xa3, 0xe8, 0x75, 0xdf, 0x07,
  0x86, 0xe0, 0x17, 0x8a, 0x20, 0xe8, 0x75, 0x5f, 0xd7, 0x85, 0x61, 0x69, 0x7e, 0x9c, 0x37, 0x96,
  0xe0, 0xd6, 0x7d, 0x5f, 0x28, 0x7e, 0x1c, 0x17, 0x96, 0x22, 0xc7, 0x81, 0xe2, 0x38, 0x82, 0x9f,
  0x07, 0x8a, 0xa0, 0xe7, 0x79, 0xdb, 0xd6, 0x6d, 0x9c, 0x17, 0x8a, 0x1d, 0x68, 0x8a, 0x61, 0x19,
  0x86, 0x25, 0xa8, 0x7d, 0x24, 0x49, 0x86, 0x9e, 0xd7, 0x6d, 0xde, 0xb7, 0x6d, 0x5f, 0x28, 0x8a,
  0xe5, 0xe8, 0x79, 0xa1, 0x28, 0x8a, 0x22, 0xb8, 0x71, 0xe0, 0x27, 0x86, 0x9b, 0xc6, 0x85, 0x64,
  0xc8, 0x85, 0xe7, 0x19, 0x72, 0x59, 0x37, 0x8e, 0x61, 0xe8, 0x69, 0x9d, 0x18, 0x6e, 0x5a, 0x17,
  0x7a, 0xe0, 0x28, 0x86, 0x61, 0x08, 0x8a, 0xa0, 0xd7, 0x6d, 0x5d, 0x18, 0x7e, 0xa0, 0x08, 0x7a,
  0xa1, 0xe8, 0x6d, 0xdd, 0x58, 0x92, 0xa0, 0x17, 0x8e, 0xa3, 0xf8, 0x81, 0x62, 0x28, 0x86, 0x5d,
  0x07, 0x7a, 0x9f, 0x28, 0x86, 0x5d, 0xf7, 0x81, 0x61, 0xb8, 0x69, 0xdd, 0xb7, 0x71, 0x1f, 0x08,
  0x7e, 0x5d, 0x17, 0x8e, 0xe1, 0xe6, 0x99, 0x66, 0xe8, 0x89, 0xa2, 0xd7, 0x81, 0xdf, 0xd6, 0x8d,
  0xa4, 0x08, 0x82, 0x24, 0x29, 0x92, 0x61, 0x07, 0x8a, 0xe0, 0x17, 0x82, 0x5a, 0xd6, 0x81, 0x5d,
  0xe6, 0x99, 0x24, 0x08, 0x7e, 0x5e, 0xd7, 0x85, 0x63, 0xf8, 0x6d, 0x59, 0x48, 0x7e, 0x60, 0xb8,
  0x69, 0x1c, 0x17, 0x8e, 0x9f, 0x68, 0x9a, 0xa4, 0x28, 0x82, 0x1c, 0x07, 0x8a, 0xe1, 0xb7, 0x79,
  0xe4, 0xa7, 0x65, 0x5b, 0x18, 0x72, 0x5e, 0xc8, 0x79, 0x62, 0x68, 0x96, 0x9c, 0xf6, 0x81, 0xa0,
  0x18, 0x7a, 0xde, 0x37, 0x92, 0xa0, 0x17, 0x92, 0x24, 0x19, 0x7e, 0xa0, 0xc7, 0x85, 0xa4, 0xf8,
  0x75, 0x1d, 0xa7, 0x71, 0xa0, 0x38, 0x86, 0xdc, 0xe6, 0x85, 0x20, 0x18, 0x82, 0x9d, 0xd6, 0x7d,
  0x9f, 0x38, 0x86, 0xa1, 0x07, 0x92, 0x22, 0xf8, 0x69, 0x1b, 0x39, 0x86, 0x63, 0xa7, 0x71, 0xde,
  0x38, 0x7a, 0xdf, 0x18, 0x76, 0x1f, 0x08, 0x82, 0xa3, 0xd8, 0x71, 0x22, 0xf9, 0x75, 0x64, 0xe9,
  0x6d, 0x9b, 0xa6, 0x71, 0xe4, 0xb8, 0x75, 0x63, 0x59, 0x7e, 0xdb, 0xf7, 0x89, 0xa5, 0xc7, 0x89,
  0xa2, 0xe7, 0x7d, 0x1d, 0xd7, 0x71, 0x1d, 0x08, 0x8e, 0xa5, 0x69, 0x86, 0x5f, 0x18, 0x7e, 0x9e,
  0xf6, 0x99, 0x62, 0x96, 0x71, 0xdd, 0xf7, 0x79, 0xa1, 0x18, 0x76, 0x1a, 0x37, 0xa2, 0xe6, 0x28,
  0x82, 0x1a, 0xf6, 0x95, 0x62, 0x08, 0x7a, 0x1c, 0xe7, 0x79, 0xde, 0x58, 0x96, 0xa2, 0x18, 0x7e,
  0xe1, 0xf7, 0x85, 0x9d, 0x07, 0x6e, 0x1a, 0xc7, 0x79, 0x9f, 0xf7, 0x89, 0x24, 0xc8, 0x6d, 0x20,
  0x49, 0x92, 0x23, 0xc8, 0x71, 0x20, 0x08, 0x8a, 0xe2, 0xc7, 0x71, 0xdc, 0x37, 0x8e, 0x64, 0x39,
  0x82, 0x5b, 0xe6, 0x7d, 0xdc, 0x47, 0x8a, 0x1e, 0xd7, 0x91, 0x26, 0xb8, 0x75, 0x22, 0xe8, 0x81,
  0x60, 0x28, 0x86, 0xe4, 0x28, 0x82, 0x99, 0x06, 0x7a, 0x1d, 0x39, 0x7e, 0x1d, 0x17, 0x86, 0x1d,
  0x48, 0x8e, 0x9f, 0xc7, 0x6d, 0x9e, 0x18, 0x82, 0x24, 0x98, 0x79, 0x25, 0x19, 0x76, 0xdd, 0x58,
  0x7e, 0x5b, 0xe7, 0x85, 0x23, 0x49, 0x86, 0x9c, 0xf6, 0x81, 0x1e, 0xe7, 0x8d, 0xe3, 0xb6, 0x8d,
  0x65, 0xe8, 0x7d, 0xe3, 0x18, 0x7e, 0x9f, 0xe7, 0x75, 0x5d, 0x38, 0x82, 0x1e, 0xe8, 0x75, 0xdd,
  0xf6, 0x95, 0xe3, 0xc7, 0x75, 0x62, 0x08, 0x9e, 0xa7, 0x97, 0x69, 0x1d, 0xe7, 0x8d, 0xe3, 0x07,
  0x8a, 0x21, 0xf8, 0x79, 0x1f, 0x49, 0x86, 0x61, 0x38, 0x96, 0xe1, 0x17, 0x82, 0x1d, 0xa7, 0x6d,
  0xe0, 0xc7, 0x79, 0x20, 0x08, 0x76, 0xdd, 0xd7, 0x75, 0x63, 0x19, 0x6e, 0x9b, 0x38, 0x82, 0x21,
  0xe8, 0x81, 0x62, 0x18, 0x8a, 0x60, 0xf7, 0x89, 0x22, 0xb7, 0x85, 0x62, 0x38, 0x8a, 0xe2, 0xe8,
  0x6d, 0x5c, 0x18, 0x6e, 0x5c, 0x38, 0x82, 0x9a, 0xe6, 0x7d, 0x1f, 0x28, 0x86, 0x1f, 0x58, 0x96,
  0x61, 0x18, 0x8a, 0x63, 0xe8, 0x71, 0xde, 0xd7, 0x79, 0xa3, 0xc8, 0x6d, 0x9d, 0x48, 0x82, 0xdf,
  0x38, 0x82, 0x9f, 0x27, 0x92, 0x1c, 0x17, 0x82, 0xa1, 0xc8, 0x65, 0xdb, 0xd6, 0x7d, 0xde, 0xf7,
  0x7d, 0xa5, 0x19, 0x7e, 0x20, 0xf8, 0x71, 0xdf, 0xd7, 0x7d, 0xa2, 0x38, 0x86, 0x9d, 0x07, 0x86,
  0xe3, 0x07, 0x92, 0x21, 0x58, 0x9a, 0xa6, 0x98, 0x65, 0xde, 0xf8, 0x71, 0x9f, 0xb7, 0x7d, 0xa2,
  0xc7, 0x75, 0x5f, 0x18, 0x7e, 0x1e, 0x48, 0x96, 0xdf, 0xe6, 0x85, 0xa1, 0xf7, 0x8d, 0xe1, 0x27,
  0x92, 0xe3, 0xd8, 0x69, 0xdd, 0x27, 0x96, 0x22, 0x18, 0x7e, 0x5c, 0x27, 0x8a, 0x9c, 0xf6, 0x81,
  0x1e, 0x49, 0x76, 0x9e, 0x18, 0x8a, 0x1f, 0xd7, 0x79, 0x1f, 0xe8, 0x7d, 0xa4, 0xe8, 0x81, 0x60,
  0xe7, 0x81, 0xdf, 0x37, 0x96, 0xe2, 0x07, 0x82, 0x1e, 0x68, 0x96, 0xde, 0xd6, 0x7d, 0x1f, 0xc7,
  0x7d, 0x22, 0x59, 0x82, 0xdd, 0xe7, 0x85, 0x24, 0xe8, 0x8d, 0x21, 0xb7, 0x71, 0x1d, 0x28, 0x86,
  0x60, 0xc7, 0x79, 0xdf, 0x48, 0x8e, 0x65, 0xd8, 0x7d, 0x62, 0x48, 0x8e, 0x5e, 0x07, 0x86, 0x20,
  0xb7, 0x7d, 0x20, 0xc7, 0x81, 0x61, 0x18, 0x7e, 0xe0, 0x08, 0x7a, 0x5f, 0x08, 0x76, 0x9e, 0x28,
  0x86, 0x22, 0x09, 0x6e, 0x9b, 0xc7, 0x69, 0xa5, 0x29, 0x82, 0x20, 0xd7, 0x81, 0xa1, 0x18, 0x72,
  0x5d, 0xb7, 0x7d, 0x63, 0x08, 0x92, 0x24, 0xb8, 0x69, 0x5f, 0x49, 0x86, 0xe1, 0x07, 0x8a, 0x1e,
  0xd7, 0x79, 0x5f, 0x08, 0x8a, 0xe1, 0xb6, 0x7d, 0x60, 0x38, 0x86, 0x5e, 0xb7, 0x71, 0xdf, 0xe7,
  0x79, 0x60, 0x08, 0x7e, 0x60, 0x68, 0x9e, 0x62, 0x38, 0x7e, 0x9f, 0xb7, 0x81, 0xa1, 0x17, 0x8a,
  0x5c, 0xa6, 0x75, 0xe0, 0x07, 0x96, 0x64, 0xb7, 0x85, 0x64, 0x49, 0x86, 0x62, 0xc8, 0x69, 0x9b,
  0x27, 0x8a, 0xa0, 0xd7, 0x75, 0xdd, 0x37, 0x8e, 0x21, 0x18, 0x92, 0xe4, 0xb7, 0x71, 0xde, 0x17,
  0x82, 0x60, 0xf8, 0x65, 0xd7, 0xe6, 0x85, 0x67, 0x39, 0x86, 0x1d, 0x68, 0x96, 0x65, 0x29, 0x7e,
  0x18, 0xb6, 0x81, 0xde, 0x07, 0x8a, 0xa2, 0x96, 0x7d, 0xde, 0x47, 0x86, 0x20, 0x59, 0x7e, 0x5d,
  0x38, 0x86, 0x20, 0x09, 0x66, 0x99, 0x07, 0x72, 0x1d, 0x59, 0x8e, 0x5f, 0xd7, 0x7d, 0x62, 0x08,
  0x8e, 0x62, 0xc7, 0x79, 0x60, 0xf8, 0x7d, 0x22, 0xb8, 0x71, 0xdf, 0x07, 0x86, 0x9f, 0x58, 0x8a,
  0xa0, 0xc7, 0x79, 0xa1, 0x48, 0x8e, 0xde, 0xa6, 0x6d, 0xde, 0x37, 0x92, 0xdf, 0xc6, 0x79, 0xe3,
  0xf8, 0x7d, 0x20, 0xd8, 0x71, 0x9d, 0xe7, 0x81, 0x65, 0x29, 0x82, 0x1e, 0xc7, 0x7d, 0xe2, 0x28,
  0x96, 0xe5, 0xd7, 0x85, 0x60, 0x17, 0x8a, 0x5d, 0xd7, 0x71, 0xe0, 0xc7, 0x89, 0x66, 0x19, 0x72,
  0x9b, 0xd7, 0x71, 0x20, 0x29, 0x7a, 0x9c, 0xa6, 0x79, 0xa1, 0x18, 0x7a, 0xdc, 0x17, 0x82, 0x1f,
  0x18, 0x8e, 0xe5, 0xc8, 0x79, 0xa1, 0xf7, 0x7d, 0x1f, 0xf8, 0x7d, 0xa1, 0xb7, 0x75, 0x22, 0x49,
  0x8e, 0x5f, 0x27, 0x92, 0x9d, 0xd6, 0x91, 0x23, 0xc7, 0x7d, 0xde, 0x27, 0x7a, 0x1f, 0x08, 0x82,
  0x5f, 0x17, 0x92, 0xa1, 0x58, 0x8e, 0x5f, 0xe7, 0x79, 0x1e, 0x38, 0x86, 0x1b, 0xf7, 0x85, 0xe0,
  0x17, 0x92, 0x22, 0x97, 0x65, 0xdc, 0xe7, 0x8d, 0x66, 0xd8, 0x75, 0x20, 0x29, 0x7a, 0x20, 0xd8,
  0x7d, 0xe1, 0x28, 0x7a, 0xdd, 0x27, 0x8e, 0x5f, 0xe7, 0x81, 0xa1, 0xf7, 0x95, 0xa5, 0xf8, 0x7d,
  0xe0, 0xd7, 0x7d, 0xa1, 0xf8, 0x69, 0x9c, 0x08, 0x6e, 0x5f, 0x49, 0x7e, 0x5e, 0xe8, 0x81, 0x25,
  0xe9, 0x79, 0xe0, 0xf7, 0x7d, 0x1e, 0xd7, 0x7d, 0x9d, 0xa6, 0x7d, 0xe2, 0xd7, 0x81, 0x64, 0x39,
  0x82, 0x21, 0x39, 0x82, 0x5b, 0x47, 0x82, 0x1c, 0x38, 0x82, 0xdd, 0x37, 0x8a, 0x9e, 0x07, 0x8a,
  0xa3, 0x28, 0x8a, 0xa1, 0x38, 0x76, 0x1d, 0xd8, 0x75, 0x22, 0xb8, 0x65, 0x9b, 0xf7, 0x75, 0xde,
  0x38, 0x92, 0xe5, 0x07, 0x92, 0xa0, 0x07, 0x82, 0xdd, 0xe6, 0x95, 0xa3, 0xe7, 0x79, 0x9a, 0xc6,
  0x7d, 0xe2, 0x38, 0x8e, 0x23, 0x59, 0x8a, 0x61, 0x08, 0x76, 0x5d, 0xc7, 0x79, 0x5f, 0x17, 0x9a,
  0x63, 0xd7, 0x81, 0x20, 0xc7, 0x8d, 0x66, 0xd8, 0x75, 0x61, 0x09, 0x6a, 0x19, 0x07, 0x8a, 0xe0,
  0x07, 0x7e, 0x5e, 0x48, 0x9a, 0xe6, 0x38, 0x96, 0x9d, 0x16, 0x8e, 0x60, 0xb7, 0x71, 0x9c, 0xe6,
  0x7d, 0xa1, 0x39, 0x72, 0xa0, 0xe8, 0x79, 0x9f, 0x08, 0x6a, 0x5e, 0x39, 0x7e, 0xdc, 0xe6, 0x85,
  0xe2, 0xd7, 0x7d, 0x20, 0x28, 0x8a, 0xe5, 0x49, 0x8e, 0xe3, 0xb7, 0x6d, 0x1f, 0xf8, 0x79, 0x1d,
  0xb7, 0x75, 0x20, 0x59, 0x8a, 0x9f, 0xe7, 0x85, 0xe2, 0x17, 0x96, 0x24, 0x08, 0x7e, 0x9b, 0xb6,
  0x79, 0xdf, 0x27, 0x8a, 0x9e, 0x07, 0x86, 0xa6, 0x19, 0x8e, 0xa3, 0xb7, 0x69, 0x1d, 0x29, 0x7e,
  0x21, 0xe8, 0x79, 0xdb, 0x06, 0x92, 0x22, 0x28, 0x8a, 0xe1, 0xb7, 0x75, 0x61, 0x28, 0x8a, 0xe1,
  0xb7, 0x6d, 0x20, 0x08, 0x8e, 0x61, 0xd7, 0x7d, 0x20, 0x28, 0x9a, 0xa7, 0x09, 0x6a, 0x5a, 0xe7,
  0x7d, 0x24, 0x09, 0x76, 0x9d, 0xd7, 0x75, 0xa1, 0x09, 0x6e, 0xde, 0xf7, 0x89, 0x20, 0xf7, 0x8d,
  0xa4, 0xd8, 0x69, 0x1b, 0x07, 0x92, 0xe2, 0x07, 0x86, 0xe0, 0x07, 0x8a, 0x1f, 0x58, 0x92, 0x5b,
  0xc6, 0x7d, 0x1c, 0x58, 0x92, 0x21, 0x18, 0x76, 0x9c, 0x58, 0x8e, 0x21, 0x08, 0x86, 0x5e, 0xe7,
  0x6d, 0xa0, 0x09, 0x6a, 0x1b, 0xe7, 0x81, 0x62, 0x69, 0x86, 0x60, 0x18, 0x82, 0x5f, 0x27, 0x92,
  0x20, 0xb7, 0x69, 0x5b, 0xd7, 0x7d, 0x62, 0xd8, 0x75, 0x5f, 0x18, 0x8a, 0xa4, 0x18, 0x8a, 0x62,
  0x08, 0x6e, 0x18, 0x27, 0x86, 0x60, 0x97, 0x6d, 0x9e, 0x37, 0xa2, 0x28, 0x1a, 0x76, 0xdf, 0xd7,
  0x89, 0x67, 0xf9, 0x65, 0x5b, 0xc7, 0x7d, 0x62, 0xf8, 0x75, 0x19, 0x27, 0x8e, 0xe3, 0x38, 0x8e,
  0xe0, 0x27, 0x86, 0x19, 0xb6, 0x7d, 0x61, 0xb7, 0x79, 0xe2, 0xf8, 0x7d, 0x64, 0x09, 0x72, 0xde,
  0xe7, 0x71, 0x9d, 0x78, 0x92, 0xde, 0xf7, 0x69, 0xdd, 0xf7, 0x89, 0x23, 0xe8, 0x79, 0x20, 0x49,
  0x96, 0xa7, 0xa8, 0x75, 0x60, 0xb7, 0x7d, 0x63, 0x39, 0x82, 0x9d, 0xe6, 0x85, 0x9d, 0x47, 0x8e,
  0x1e, 0xe7, 0x81, 0x1e, 0x07, 0x9a, 0xa2, 0xa6, 0x75, 0xa0, 0x07, 0x8a, 0xe0, 0x17, 0x8a, 0xa3,
  0x08, 0x7e, 0xa0, 0x48, 0x96, 0x61, 0xc7, 0x65, 0x98, 0x57, 0x9a, 0xa5, 0xe8, 0x81, 0x20, 0xe7,
  0x85, 0xdf, 0xe7, 0x71, 0x61, 0xe8, 0x89, 0x24, 0xe8, 0x75, 0xdb, 0xd6, 0x75, 0x21, 0x49, 0x86,
  0x21, 0x49, 0x86, 0x9e, 0x37, 0x8e, 0x9e, 0x27, 0x82, 0x5f, 0xa7, 0x7d, 0x25, 0x19, 0x7a, 0x9f,
  0xd8, 0x65, 0xde, 0x18, 0x76, 0xdf, 0xf8, 0x69, 0x9a, 0x37, 0x92, 0x60, 0xb7, 0x69, 0x9c, 0xe7,
  0x89, 0x23, 0x28, 0x92, 0xe0, 0x07, 0x7e, 0xe1, 0x18, 0x86, 0x60, 0x08, 0x7e, 0x9f, 0x28, 0x8a,
  0x21, 0xf8, 0x75, 0xdc, 0xf7, 0x71, 0xde, 0x17, 0x82, 0xdc, 0xf6, 0x85, 0xe2, 0xe8, 0x79, 0x21,
  0xf8, 0x7d, 0xa0, 0x08, 0x7a, 0xa2, 0xc8, 0x6d, 0xdd, 0xe7, 0x75, 0xe0, 0x58, 0x8e, 0x5f, 0x07,
  0x96, 0xa5, 0xe8, 0x75, 0x1f, 0xe8, 0x79, 0x5e, 0xe7, 0x7d, 0x5d, 0xc7, 0x71, 0xe1, 0x08, 0x82,
  0xa2, 0x28, 0x8e, 0x24, 0xf8, 0x89, 0xe1, 0xd7, 0x75, 0x5e, 0xc7, 0x6d, 0xda, 0x57, 0x92, 0x21,
  0xc8, 0x7d, 0x66, 0x39, 0x92, 0x24, 0x09, 0x6e, 0x9e, 0xb7, 0x79, 0x9d, 0xe6, 0x7d, 0xdb, 0x06,
  0x86, 0xde, 0x27, 0x8e, 0xdf, 0x27, 0x8a, 0x5f, 0xf7, 0x81, 0x20, 0xf8, 0x75, 0x99, 0xf6, 0x79,
  0x60, 0x39, 0x82, 0xa2, 0x38, 0x92, 0xe0, 0x27, 0x8e, 0xe2, 0xd7, 0x75, 0xde, 0x17, 0x7e, 0x99,
  0xd6, 0x75, 0x1e, 0x08, 0x8a, 0x65, 0x39, 0x8a, 0x9e, 0xc6, 0x89, 0xe3, 0xc7, 0x7d, 0xe2, 0xe7,
  0x7d, 0x9f, 0xe7, 0x75, 0x5a, 0x47, 0x92, 0x60, 0x38, 0x86, 0xa2, 0xf8, 0x71, 0xda, 0xe6, 0x89,
  0x61, 0xd7, 0x81, 0xa3, 0xe8, 0x81, 0xa6, 0xe8, 0x85, 0x23, 0x29, 0x6e, 0x1c, 0x08, 0x82, 0x61,
  0xe8, 0x69, 0x5c, 0x18, 0x86, 0x61, 0xb7, 0x7d, 0x1f, 0x28, 0x8e, 0xe3, 0x18, 0x7e, 0x9c, 0xb6,
  0x75, 0xe0, 0xc7, 0x71, 0xa0, 0x79, 0x8e, 0x21, 0xd8, 0x6d, 0x1e, 0x59, 0x82, 0x9f, 0xb7, 0x75,
  0x23, 0x09, 0x72, 0x1c, 0xc7, 0x7d, 0xde, 0x27, 0x9a, 0xe7, 0x08, 0x8e, 0xa4, 0x38, 0x82, 0x1d,
  0x97, 0x65, 0x9d, 0x07, 0x7e, 0x9f, 0x38, 0x8a, 0x61, 0x28, 0x82, 0x9a, 0x36, 0x96, 0xe2, 0xd7,
  0x81, 0xa2, 0x28, 0x86, 0x9c, 0xd6, 0x79, 0x1f, 0x08, 0x7e, 0x23, 0x39, 0x8e, 0x63, 0xd8, 0x69,
  0x5d, 0x18, 0x82, 0xdd, 0x06, 0x8a, 0xe0, 0xf7, 0x7d, 0x22, 0xf9, 0x6d, 0x1e, 0x18, 0x96, 0xe4,
  0xc7, 0x75, 0xe2, 0x08, 0x82, 0x22, 0x08, 0x76, 0x5a, 0x07, 0x8a, 0xe2, 0x07, 0x8e, 0x5e, 0x17,
  0x7e, 0x9d, 0xd7, 0x79, 0xa0, 0xe7, 0x91, 0x25, 0xf9, 0x71, 0xe3, 0x39, 0x82, 0x1e, 0xc7, 0x75,
  0x5e, 0x48, 0x7a, 0x99, 0xe6, 0x7d, 0x22, 0x49, 0x86, 0x9d, 0x48, 0x82, 0x5f, 0x18, 0x8e, 0xa2,
  0xd7, 0x71, 0x1b, 0xd7, 0x7d, 0xe0, 0xf7, 0x81, 0x23, 0x49, 0x82, 0xdf, 0x18, 0x7e, 0x21, 0xe8,
  0x71, 0x5d, 0x28, 0x82, 0xdf, 0xd7, 0x79, 0xdf, 0xa6, 0x7d, 0xe4, 0x59, 0x8a, 0xe3, 0xc7, 0x85,
  0x64, 0xf8, 0x7d, 0x9f, 0xc7, 0x6d, 0x9d, 0xe7, 0x79, 0x5d, 0x17, 0x96, 0x64, 0x28, 0x96, 0xe9,
  0x29, 0x82, 0xdb, 0xf5, 0x99, 0xe4, 0xf7, 0x81, 0x5d, 0x96, 0x7d, 0xe2, 0x07, 0x82, 0x9f, 0x28,
  0x82, 0x21, 0x19, 0x72, 0x5e, 0x08, 0x6e, 0x9a, 0x07, 0x86, 0x22, 0x28, 0x96, 0xe3, 0xc7, 0x71,
  0xe2, 0x79, 0x9e, 0xa0, 0xc6, 0x79, 0x61, 0xf8, 0x75, 0x1f, 0xd8, 0x6d, 0xdb, 0x27, 0x86, 0x9f,
  0x07, 0x82, 0x5c, 0xf7, 0x85, 0x62, 0x38, 0x8e, 0x5e, 0xf7, 0x81, 0x21, 0xd8, 0x85, 0x24, 0x29,
  0x7a, 0xde, 0x48, 0x8e, 0x21, 0xe8, 0x71, 0xdb, 0xe6, 0x81, 0x9d, 0x17, 0x7e, 0x5c, 0x17, 0x96,
  0x64, 0x08, 0x92, 0x63, 0xa7, 0x71, 0x9d, 0x17, 0x82, 0xde, 0xf7, 0x7d, 0x20, 0x28, 0x96, 0x64,
  0x08, 0x76, 0x5e, 0x28, 0x8a, 0x63, 0x39, 0x72, 0xd9, 0xe6, 0x75, 0xde, 0xd7, 0x7d, 0xa4, 0xc8,
  0x75, 0x62, 0x29, 0x7e, 0x20, 0xd8, 0x71, 0x9f, 0xd8, 0x65, 0x5e, 0x59, 0x82, 0x9b, 0xd6, 0x79,
  0x1e, 0x18, 0x8e, 0x65, 0xd8, 0x7d, 0x23, 0x49, 0x9a, 0xe1, 0x96, 0x65, 0x9e, 0xf8, 0x7d, 0x64,
  0xf9, 0x69, 0x5c, 0x38, 0x7e, 0x1e, 0x18, 0x7a, 0xdb, 0xf6, 0x89, 0xe4, 0x28, 0x82, 0xde, 0xa6,
  0x79, 0x5f, 0xf7, 0x8d, 0xa4, 0xe8, 0x75, 0x20, 0x08, 0x8a, 0x60, 0x28, 0x6e, 0x18, 0x07, 0x92,
  0x25, 0x69, 0x92, 0x5a, 0xc6, 0x7d, 0x9f, 0xe7, 0x89, 0xe1, 0xa6, 0x79, 0xa1, 0x28, 0x8e, 0xa3,
  0x08, 0x7a, 0x1c, 0x17, 0x8a, 0x21, 0x59, 0x86, 0x5d, 0xe7, 0x75, 0x1e, 0xe8, 0x79, 0x5d, 0xc6,
  0x8d, 0x65, 0xf8, 0x8d, 0xe4, 0xe7, 0x79, 0xde, 0xc7, 0x71, 0x61, 0xf8, 0x81, 0x5f, 0xe7, 0x6d,
  0x9d, 0x38, 0x8a, 0x60, 0x17, 0x96, 0x23, 0x79, 0x92, 0x22, 0xd8, 0x75, 0x9a, 0xf6, 0x8d, 0x20,
  0x87, 0x65, 0x60, 0x39, 0x76, 0xdd, 0x38, 0x76, 0x5b, 0x58, 0x8a, 0xe0, 0xe7, 0x71, 0x5c, 0xd7,
  0x71, 0x9c, 0x07, 0x8e, 0xa2, 0xf7, 0x8d, 0xe3, 0x28, 0x82, 0x61, 0x59, 0x8a, 0x5f, 0xf7, 0x81,
  0x1e, 0xf8, 0x6d, 0x1b, 0x08, 0x82, 0x62, 0x38, 0x92, 0x5f, 0xe7, 0x7d, 0x60, 0xf8, 0x7d, 0xe2,
  0x08, 0x7e, 0x1e, 0xc7, 0x75, 0x61, 0xf8, 0x7d, 0xa1, 0xe8, 0x79, 0xa3, 0xe8, 0x79, 0xdf, 0xe7,
  0x7d, 0xa1, 0x28, 0x8a, 0x1f, 0xc7, 0x81, 0xa2, 0xf7, 0x85, 0x20, 0x18, 0x86, 0x5e, 0xd7, 0x81,
  0xe0, 0x07, 0x86, 0x61, 0x08, 0x7e, 0xe1, 0x18, 0x7e, 0x9e, 0xf7, 0x7d, 0x1f, 0x08, 0x7e, 0xa0,
  0xf8, 0x71, 0x9e, 0x28, 0x8a, 0x63, 0xc8, 0x7d, 0x24, 0x19, 0x7e, 0x1e, 0x08, 0x7a, 0x9e, 0x07,
  0x92, 0x20, 0xc7, 0x75, 0xde, 0x07, 0x7a, 0x5e, 0x18, 0x7e, 0x60, 0x38, 0x92, 0x60, 0xe7, 0x79,
  0xa0, 0x18, 0x82, 0x1e, 0x07, 0x8a, 0xa1, 0x18, 0x86, 0x62, 0xf8, 0x85, 0x60, 0x38, 0x86, 0x9f,
  0x38, 0x8a, 0xe1, 0xe7, 0x6d, 0x5a, 0x27, 0x86, 0x1f, 0x08, 0x7e, 0x1d, 0x17, 0x92, 0x60, 0xf7,
  0x7d, 0xde, 0x07, 0x8a, 0xe1, 0x17, 0x86, 0xdf, 0xd7, 0x69, 0x1a, 0x28, 0x86, 0xe3, 0x18, 0x7a,
  0x1d, 0x58, 0x92, 0x24, 0x09, 0x7e, 0xde, 0xe6, 0x8d, 0xe4, 0xf8, 0x7d, 0x22, 0xc8, 0x6d, 0x9f,
  0xf8, 0x69, 0x9d, 0x08, 0x7e, 0x21, 0x08, 0x92, 0x24, 0x08, 0x82, 0x9d, 0xa6, 0x81, 0xe2, 0x78,
  0x9e, 0x5d, 0xb6, 0x79, 0xe1, 0x08, 0x82, 0x22, 0xe8, 0x7d, 0xa3, 0x69, 0x86, 0x61, 0xc8, 0x6d,
  0x5e, 0xf8, 0x69, 0x5a, 0xe7, 0x75, 0x1d, 0x38, 0x96, 0x64, 0x28, 0x8e, 0xe1, 0xd7, 0x75, 0x60,
  0x28, 0x8e, 0x62, 0x08, 0x72, 0x5c, 0xb7, 0x75, 0x20, 0x18, 0x7e, 0x9e, 0x68, 0x9a, 0x65, 0x18,
  0x86, 0x5e, 0xa6, 0x75, 0x1f, 0x18, 0x86, 0x5f, 0xb7, 0x65, 0x9b, 0x17, 0x92, 0x22, 0x08, 0x86,
  0x63, 0x49, 0x8e, 0x22, 0xe8, 0x75, 0x1c, 0xf7, 0x8d, 0x23, 0xf8, 0x85, 0x5e, 0x07, 0x8a, 0xe3,
  0x28, 0x86, 0x20, 0xc7, 0x79, 0x5e, 0xe7, 0x81, 0xa0, 0xc7, 0x71, 0xde, 0x27, 0x86, 0x1f, 0xf8,
  0x7d, 0xe0, 0x17, 0x8a, 0x62, 0x59, 0x82, 0x9d, 0x96, 0x69, 0x9e, 0x89, 0x8e, 0xa2, 0x77, 0x65,
  0x61, 0x39, 0x7e, 0x5d, 0xc7, 0x71, 0x1e, 0x48, 0x92, 0xe3, 0x18, 0x7a, 0x1c, 0xf7, 0x89, 0x61,
  0x48, 0x92, 0xe2, 0xa7, 0x6d, 0xde, 0x17, 0x92, 0xe3, 0xc7, 0x65, 0xd9, 0x07, 0x82, 0x24, 0x19,
  0x6e, 0x19, 0x48, 0x92, 0x64, 0x28, 0x8a, 0x5e, 0xb7, 0x69, 0x1d, 0x18, 0x8a, 0xa0, 0xe7, 0x7d,
  0xa1, 0xf8, 0x81, 0xa3, 0xe8, 0x75, 0x5c, 0x17, 0x8a, 0xe2, 0xc7, 0x75, 0xdc, 0xd6, 0x8d, 0x65,
  0x49, 0x82, 0x5c, 0x27, 0x92, 0x23, 0xe8, 0x85, 0x61, 0x28, 0x76, 0x1a, 0xf7, 0x79, 0xdd, 0xa6,
  0x71, 0x1f, 0xf8, 0x7d, 0x23, 0x19, 0x82, 0x63, 0xe8, 0x81, 0x62, 0x69, 0x8e, 0xa0, 0x96, 0x6d,
  0xe0, 0x47, 0x96, 0x1e, 0xf7, 0x85, 0xe0, 0x07, 0x86, 0xe1, 0xf7, 0x75, 0x1d, 0x18, 0x7e, 0xde,
  0xe7, 0x75, 0xdc, 0x17, 0x82, 0x9f, 0x48, 0x86, 0x9e, 0xf7, 0x79, 0x1e, 0x48, 0x8e, 0x23, 0xf9,
  0x75, 0x20, 0xf8, 0x85, 0xe0, 0xd7, 0x69, 0x1d, 0x08, 0x7e, 0xde, 0x27, 0x8a, 0x1e, 0xe7, 0x79,
  0x1e, 0x69, 0x8e, 0x9c, 0xe6, 0x85, 0x60, 0x18, 0x7e, 0xdf, 0xd7, 0x71, 0x1b, 0xd7, 0x81, 0x24,
  0x39, 0x82, 0xdf, 0xf7, 0x85, 0x24, 0x19, 0x76, 0x5c, 0xe7, 0x81, 0xde, 0x37, 0x8e, 0xa0, 0x97,
  0x65, 0x5f, 0xd8, 0x89, 0x66, 0xe8, 0x8d, 0xa6, 0xe8, 0x71, 0xe1, 0x08, 0x7e, 0xdd, 0xb6, 0x6d,
  0xdd, 0x68, 0x9a, 0x62, 0xb7, 0x71, 0x1d, 0x38, 0x8e, 0xa0, 0xf7, 0x81, 0xa2, 0xf8, 0x79, 0xe0,
  0xb7, 0x6d, 0x20, 0xd8, 0x7d, 0x23, 0x19, 0x7a, 0x21, 0x19, 0x76, 0x9d, 0xf7, 0x81, 0xe0, 0x58,
  0x82, 0x5d, 0xc7, 0x7d, 0xe2, 0xa7, 0x75, 0x60, 0xe7, 0x81, 0x5f, 0x28, 0x8a, 0x63, 0x08, 0x8e,
  0x23, 0x08, 0x7a, 0x5b, 0x17, 0x86, 0x5e, 0x07, 0x86, 0x1f, 0x28, 0x92, 0x63, 0xb7, 0x75, 0x5c,
  0x37, 0x9a, 0x21, 0x28, 0x92, 0xe2, 0xb7, 0x69, 0x9b, 0x17, 0x82, 0x62, 0x39, 0x7a, 0x9e, 0xf7,
  0x81, 0x9f, 0x07, 0x82, 0x5f, 0x58, 0x96, 0x61, 0x07, 0x96, 0xa0, 0xa6, 0x75, 0x60, 0x29, 0x72,
  0x5e, 0x18, 0x82, 0x5e, 0xf7, 0x85, 0xe2, 0x28, 0x82, 0x1f, 0x08, 0x7a, 0x9f, 0x18, 0x7a, 0x1f,
  0xd8, 0x79, 0x21, 0xe8, 0x71, 0x1e, 0xe8, 0x79, 0x23, 0x29, 0x86, 0x63, 0xf8, 0x85, 0x20, 0x18,
  0x7e, 0xdf, 0x07, 0x86, 0x1e, 0xf7, 0x85, 0xdf, 0x27, 0x86, 0x60, 0x28, 0x86, 0x9d, 0x07, 0x7e,
  0x9c, 0xd7, 0x75, 0x20, 0xf8, 0x79, 0x5f, 0x08, 0x7a, 0x5f, 0xe8, 0x85, 0x63, 0x18, 0x7a, 0xdc,
  0x27, 0x8a, 0x23, 0x19, 0x7a, 0xde, 0x48, 0x86, 0xdf, 0xf7, 0x79, 0xa0, 0xd7, 0x81, 0x61, 0xc7,
  0x79, 0x9e, 0xf7, 0x75, 0xde, 0x07, 0x92, 0xa5, 0xf8, 0x79, 0x1d, 0x48, 0x8a, 0x61, 0x08, 0x7e,
  0x5e, 0xd7, 0x79, 0x22, 0x19, 0x7e, 0x5f, 0xe7, 0x89, 0x63, 0x08, 0x8a, 0xa3, 0xa7, 0x6d, 0x5f,
  0xf7, 0x85, 0xa0, 0x08, 0x72, 0xdb, 0xd6, 0x89, 0x24, 0x59, 0x92, 0x63, 0x08, 0x86, 0x9f, 0x27,
  0x96, 0xa0, 0xa6, 0x69, 0x5b, 0x07, 0x82, 0x9e, 0xe7, 0x79, 0x20, 0x49, 0x8e, 0x63, 0x59, 0x7e,
  0x5e, 0xf8, 0x6d, 0xdd, 0x38, 0x92, 0x22, 0xb7, 0x75, 0xdd, 0x17, 0x8a, 0xa2, 0x08, 0x7e, 0xdf,
  0x07, 0x8a, 0xa0, 0xf7, 0x79, 0xdb, 0x27, 0x7e, 0x5f, 0xf8, 0x71, 0x59, 0xe6, 0x89, 0x23, 0x59,
  0x9a, 0xa4, 0x38, 0x86, 0xdd, 0xe6, 0x81, 0xa2, 0xb7, 0x6d, 0x5d, 0x38, 0x82, 0x1e, 0x08, 0x7e,
  0xa0, 0x28, 0x86, 0xe2, 0x38, 0x86, 0x9f, 0xc7, 0x79, 0x61, 0x18, 0x8e, 0xdf, 0xe6, 0x79, 0xdf,
  0xb7, 0x7d, 0x24, 0x29, 0x7e, 0xde, 0xd7, 0x71, 0x1e, 0x28, 0x82, 0x9e, 0xf7, 0x85, 0x24, 0x29,
  0x7e, 0x5b, 0x07, 0x7e, 0xde, 0x17, 0x8a, 0x63, 0xb8, 0x69, 0xe0, 0xc7, 0x7d, 0x23, 0xb8, 0x75,
  0x21, 0x39, 0x86, 0x63, 0x19, 0x76, 0x5c, 0xf7, 0x79, 0x5b, 0x27, 0x96, 0x62, 0xb7, 0x85, 0x23,
  0x18, 0x86, 0x22, 0x09, 0x7a, 0x5f, 0x07, 0x96, 0x25, 0xf9, 0x61, 0x57, 0xc6, 0x7d, 0xe1, 0x48,
  0x86, 0x9c, 0x47, 0x9a, 0xa2, 0xe7, 0x81, 0xa0, 0xc7, 0x69, 0x19, 0xf7, 0x85, 0x63, 0xd8, 0x71,
  0xdd, 0x07, 0x8a, 0x22, 0x59, 0x86, 0x1f, 0x18, 0x86, 0xa0, 0x58, 0x96, 0xa0, 0xd7, 0x71, 0x5c,
  0xe7, 0x85, 0xe1, 0xf7, 0x81, 0x1e, 0xb7, 0x79, 0xe3, 0x18, 0x82, 0xdb, 0x06, 0x86, 0xa1, 0x28,
  0x86, 0xdd, 0xc6, 0x69, 0x9b, 0x58, 0x92, 0x66, 0xf9, 0x75, 0xde, 0xf7, 0x89, 0xe3, 0xa7, 0x69,
  0xa0, 0x18, 0x86, 0x61, 0xb7, 0x75, 0xa1, 0x08, 0x76, 0x1d, 0x58, 0x96, 0x21, 0x28, 0x86, 0xdd,
  0x37, 0x92, 0x22, 0xe8, 0x75, 0x9d, 0xf7, 0x79, 0x5c, 0xe7, 0x85, 0xa0, 0xd7, 0x71, 0xdf, 0x38,
  0x76, 0x1c, 0x18, 0x86, 0xa2, 0x08, 0x7a, 0xe0, 0xe8, 0x6d, 0x5e, 0x28, 0x92, 0xa1, 0xf7, 0x7d,
  0xdd, 0xe6, 0x89, 0xe3, 0x28, 0x86, 0xe0, 0xe7, 0x85, 0xe2, 0xf7, 0x7d, 0x9f, 0xd7, 0x71, 0x9e,
  0x38, 0x82, 0x1d, 0xe7, 0x85, 0xe1, 0x37, 0x92, 0xa2, 0x18, 0x82, 0x60, 0xa7, 0x75, 0x60, 0x18,
  0x82, 0x5f, 0x97, 0x75, 0x21, 0x08, 0x8e, 0x64, 0xf8, 0x7d, 0xe1, 0x28, 0x86, 0x21, 0xe8, 0x71,
  0x9a, 0x06, 0x8e, 0xe1, 0xe7, 0x75, 0x1c, 0x48, 0x8e, 0x9f, 0xf7, 0x85, 0xe2, 0xe7, 0x79, 0x9f,
  0x28, 0x82, 0xe1, 0x28, 0x7a, 0x5e, 0xc7, 0x81, 0x25, 0x29, 0x7a, 0x9b, 0x17, 0x7a, 0x21, 0x39,
  0x86, 0x1e, 0xd7, 0x7d, 0xa0, 0x18, 0x82, 0xe0, 0xf7, 0x7d, 0x1c, 0x17, 0x8e, 0x61, 0xf8, 0x6d,
  0x9b, 0xf7, 0x79, 0x1f, 0x59, 0x86, 0x5c, 0x07, 0x8e, 0xa1, 0x17, 0x8a, 0x9f, 0xe7, 0x81, 0x20,
  0xc7, 0x81, 0xe0, 0xe7, 0x7d, 0xe0, 0x58, 0x86, 0xe0, 0x28, 0x82, 0x9f, 0xd7, 0x69, 0x59, 0x27,
  0x8a, 0x24, 0x19, 0x82, 0xa0, 0xe7, 0x85, 0xe4, 0xf8, 0x7d, 0xa2, 0x18, 0x8a, 0x23, 0xd8, 0x6d,
  0xde, 0xe7, 0x7d, 0xdf, 0xe7, 0x71, 0x1d, 0x08, 0x7e, 0x5f, 0xa7, 0x75, 0xa3, 0x28, 0x8a, 0xa0,
  0xc7, 0x79, 0x22, 0x09, 0x7e, 0xa1, 0xe7, 0x81, 0x23, 0x09, 0x72, 0xe0, 0x08, 0x86, 0x65, 0x39,
  0x7e, 0x5c, 0xf7, 0x79, 0x9d, 0xe7, 0x89, 0x63, 0x18, 0x82, 0x20, 0x08, 0x8a, 0x1e, 0xc7, 0x85,
  0xe3, 0x28, 0x7a, 0x9f, 0x28, 0x86, 0xde, 0x17, 0x7e, 0x9d, 0xe7, 0x79, 0x20, 0x08, 0x7e, 0xdf,
  0x17, 0x86, 0x1e, 0xc7, 0x7d, 0xe0, 0xe7, 0x81, 0xa2, 0x38, 0x8a, 0x5f, 0x38, 0x7e, 0x9e, 0xe7,
  0x81, 0x23, 0x08, 0x86, 0x1e, 0xe7, 0x85, 0xa0, 0xf7, 0x85, 0x9e, 0x47, 0x96, 0x65, 0x08, 0x8a,
  0x20, 0xf7, 0x7d, 0x5c, 0xd7, 0x6d, 0x9d, 0xf7, 0x85, 0x20, 0x28, 0x82, 0xe0, 0x38, 0x8a, 0x63,
  0x08, 0x7a, 0x1c, 0x38, 0x7e, 0x9c, 0xa6, 0x69, 0x5e, 0x18, 0x82, 0x61, 0x18, 0x92, 0x65, 0x59,
  0x8e, 0x61, 0x08, 0x76, 0x9d, 0xd7, 0x6d, 0xdb, 0x37, 0x86, 0x5e, 0xf7, 0x7d, 0x61, 0x18, 0x86,
  0xe1, 0x18, 0x7a, 0x1d, 0x07, 0x8a, 0xe2, 0xe8, 0x69, 0x9c, 0xc7, 0x75, 0xa0, 0x28, 0x82, 0xa0,
  0x18, 0x8a, 0x24, 0x59, 0x96, 0xa0, 0xf7, 0x79, 0xdd, 0xc6, 0x7d, 0x60, 0xc7, 0x79, 0xe0, 0xc7,
  0x79, 0xe3, 0x38, 0x8e, 0x20, 0xc7, 0x7d, 0xe2, 0x28, 0x76, 0x1b, 0x07, 0x92, 0x63, 0x08, 0x7e,
  0xe0, 0x28, 0x7a, 0x1f, 0xf8, 0x81, 0xe1, 0x38, 0x86, 0xdd, 0xb6, 0x6d, 0xa0, 0xe8, 0x7d, 0x23,
  0xf8, 0x7d, 0x1f, 0xf8, 0x81, 0x62, 0x08, 0x7a, 0x20, 0x59, 0x8a, 0x1e, 0xd7, 0x79, 0xde, 0xd6,
  0x91, 0x64, 0xf8, 0x81, 0x22, 0xe8, 0x81, 0x61, 0xf8, 0x75, 0x1d, 0xf8, 0x71, 0x9e, 0xf8, 0x75,
  0x5e, 0x48, 0x8e, 0x9f, 0x07, 0x8a, 0x25, 0x09, 0x7e, 0x5b, 0xd6, 0x89, 0xa1, 0xe7, 0x75, 0xdb,
  0xd6, 0x7d, 0x22, 0x59, 0x92, 0xa1, 0x18, 0x7e, 0xa0, 0x38, 0x7e, 0x5b, 0x07, 0x7e, 0x1d, 0xe7,
  0x81, 0x5e, 0xf7, 0x81, 0x20, 0x18, 0x8e, 0xe4, 0x38, 0x86, 0x1e, 0xb7, 0x6d, 0xdf, 0x18, 0x72,
  0xdc, 0xf7, 0x79, 0xdc, 0x37, 0x8a, 0xdf, 0x48, 0x82, 0xe0, 0xf7, 0x89, 0x21, 0x18, 0x82, 0x1e,
  0xb7, 0x81, 0xe2, 0xe7, 0x81, 0xa3, 0xb8, 0x6d, 0xa3, 0x69, 0x96, 0xa1, 0xb7, 0x69, 0x5d, 0x18,
  0x82, 0x1d, 0xf7, 0x81, 0x5d, 0x07, 0x8a, 0x1f, 0xc7, 0x75, 0x5d, 0xe7, 0x7d, 0x22, 0x19, 0x7e,
  0x23, 0xf9, 0x71, 0x1e, 0x28, 0x92, 0x65, 0x09, 0x6e, 0x5b, 0x07, 0x82, 0x60, 0x08, 0x7e, 0x5e,
  0xf7, 0x8d, 0x63, 0xf8, 0x85, 0x5f, 0xe7, 0x79, 0x9f, 0x18, 0x82, 0xa1, 0xd7, 0x79, 0x5f, 0x28,
  0x7a, 0x1e, 0xf8, 0x75, 0x5c, 0x07, 0x82, 0xa0, 0x38, 0x86, 0x9f, 0xd7, 0x79, 0x9f, 0xe7, 0x79,
  0x1e, 0xe8, 0x81, 0xe4, 0x18, 0x8a, 0x62, 0x08, 0x82, 0x1e, 0xe7, 0x89, 0xe4, 0x18, 0x7a, 0xda,
  0x06, 0x8a, 0x1f, 0xf7, 0x85, 0x9e, 0xb6, 0x79, 0xe0, 0x68, 0x96, 0x1f, 0x28, 0x86, 0xa2, 0x28,
  0x86, 0x60, 0x18, 0x72, 0x5b, 0x48, 0x8e, 0xa0, 0xd7, 0x6d, 0x1c, 0xc7, 0x81, 0x63, 0xf8, 0x79,
  0xe0, 0xd7, 0x75, 0xdb, 0xc6, 0x79, 0xa2, 0x08, 0x7a, 0x1e, 0x38, 0x86, 0xe0, 0x38, 0x82, 0xdf,
  0x07, 0x8e, 0xe4, 0x18, 0x7a, 0x9d, 0xd7, 0x75, 0xa1, 0x08, 0x82, 0x9f, 0xe7, 0x79, 0xe1, 0x18,
  0x82, 0xa0, 0xe7, 0x85, 0xe1, 0xe7, 0x7d, 0xe2, 0x18, 0x82, 0xa0, 0xe7, 0x81, 0xa2, 0xf8, 0x75,
  0xdc, 0xe6, 0x79, 0x5c, 0x37, 0x8e, 0xe0, 0x07, 0x7e, 0xe1, 0x18, 0x86, 0x20, 0x28, 0x86, 0x5e,
  0xd7, 0x79, 0x20, 0x08, 0x82, 0xe0, 0xe7, 0x75, 0x9e, 0x48, 0x92, 0x61, 0xb7, 0x7d, 0xe2, 0x38,
  0x82, 0x9e, 0xe7, 0x75, 0x9e, 0xd7, 0x7d, 0x20, 0x08, 0x8a, 0x63, 0x18, 0x8a, 0x62, 0x08, 0x82,
  0x61, 0x08, 0x82, 0x20, 0xc7, 0x75, 0xdc, 0x37, 0x82, 0x1c, 0xe7, 0x85, 0xa1, 0x38, 0x86, 0x9e,
  0x07, 0x82, 0x61, 0xf8, 0x81, 0x1f, 0xc7, 0x7d, 0xe2, 0x18, 0x7e, 0x20, 0x08, 0x82, 0xa1, 0x08,
  0x72, 0x9d, 0x38, 0x7e, 0x5e, 0x38, 0x86, 0x20, 0xf8, 0x79, 0xe0, 0xd7, 0x81, 0x22, 0x08, 0x7e,
  0x5d, 0x28, 0x86, 0x1f, 0x08, 0x7a, 0x9f, 0x28, 0x82, 0x1e, 0x28, 0x82, 0x1f, 0x08, 0x82, 0x9f,
  0xe7, 0x81, 0x20, 0xf8, 0x7d, 0xdf, 0xe7, 0x79, 0x1e, 0x08, 0x7e, 0x1f, 0x18, 0x82, 0x61, 0xf8,
  0x81, 0x1f, 0x18, 0x7e, 0xdf, 0xf7, 0x89, 0x23, 0x28, 0x8e, 0x5f, 0xf7, 0x85, 0x60, 0xe7, 0x89,
  0x61, 0x48, 0x8a, 0x5e, 0xc7, 0x71, 0xa0, 0xf8, 0x71, 0x5c, 0xe7, 0x79, 0x5f, 0x28, 0x86, 0xe0,
  0xf7, 0x85, 0xa4, 0xf8, 0x7d, 0xdf, 0xd7, 0x7d, 0xe1, 0xe7, 0x7d, 0x20, 0xe8, 0x79, 0x62, 0xe8,
  0x79, 0xa2, 0x18, 0x8e, 0x63, 0x18, 0x7a, 0x9c, 0x07, 0x82, 0xde, 0xd6, 0x7d, 0x9d, 0x17, 0x8e,
  0x22, 0xf8, 0x89, 0xe1, 0xe7, 0x81, 0xe2, 0x08, 0x7a, 0x60, 0xd8, 0x71, 0x9d, 0xe7, 0x75, 0x9d,
  0x17, 0x8a, 0xa1, 0x38, 0x8e, 0x62, 0x08, 0x7a, 0x1d, 0xf7, 0x85, 0xe0, 0x07, 0x82, 0x60, 0x08,
  0x7e, 0xe1, 0x38, 0x86, 0x1e, 0x07, 0x8a, 0xe0, 0x17, 0x82, 0x1e, 0x08, 0x76, 0x9d, 0x17, 0x82,
  0x1d, 0x18, 0x7a, 0xde, 0xf7, 0x81, 0xa1, 0x18, 0x82, 0xe0, 0xd7, 0x7d, 0xa1, 0x08, 0x82, 0xa1,
  0x08, 0x7e, 0x60, 0x28, 0x82, 0x9f, 0xe7, 0x79, 0xde, 0x07, 0x7a, 0x9e, 0x07, 0x8a, 0x60, 0xd7,
  0x79, 0x5f, 0x18, 0x86, 0x21, 0xe8, 0x7d, 0xa1, 0x28, 0x86, 0x1f, 0xe8, 0x75, 0xa0, 0x18, 0x82,
  0xa1, 0x08, 0x7e, 0x5e, 0xd7, 0x7d, 0xa2, 0xf8, 0x7d, 0x20, 0xf8, 0x81, 0x21, 0x08, 0x86, 0x9f,
  0xe7, 0x7d, 0x60, 0xf8, 0x7d, 0x1f, 0x18, 0x82, 0x1f, 0x28, 0x86, 0x61, 0x08, 0x7a, 0x9e, 0xe7,
  0x79, 0x1f, 0x38, 0x86, 0x5d, 0xe7, 0x85, 0x61, 0x18, 0x8a, 0x21, 0x18, 0x82, 0x60, 0xf8, 0x81,
  0x62, 0xf8, 0x79, 0x9e, 0xe7, 0x79, 0x1f, 0xf8, 0x7d, 0x5e, 0x07, 0x8a, 0x61, 0x28, 0x86, 0xa0,
  0xe7, 0x81, 0x9e, 0x17, 0x8a, 0x22, 0xf8, 0x7d, 0x61, 0x28, 0x8a, 0x20, 0x18, 0x7e, 0x60, 0xf8,
  0x7d, 0xdf, 0x07, 0x7e, 0x5d, 0xf7, 0x7d, 0xde, 0x07, 0x82, 0x20, 0xe8, 0x75, 0x9e, 0xf7, 0x85,
  0xa2, 0xf8, 0x79, 0xdf, 0x17, 0x8a, 0x62, 0x08, 0x7a, 0x1f, 0x08, 0x86, 0x61, 0x08, 0x7e, 0x1e,
  0x08, 0x7e, 0x1f, 0x18, 0x86, 0x21, 0xf8, 0x7d, 0x1f, 0x08, 0x86, 0xe1, 0xf7, 0x81, 0xdf, 0xf7,
  0x79, 0x1f, 0x18, 0x82, 0xdf, 0xf7, 0x7d, 0x61, 0x18, 0x82, 0xde, 0x07, 0x7e, 0x1f, 0x08, 0x82,
  0xe0, 0xf7, 0x7d, 0x9f, 0xf7, 0x81, 0x61, 0x08, 0x7a, 0x5f, 0x08, 0x7e, 0x20, 0xf8, 0x7d, 0x9e,
  0x17, 0x82, 0x5f, 0x18, 0x86, 0x9f, 0xf7, 0x7d, 0x20, 0x08, 0x82, 0xe0, 0xe7, 0x7d, 0x61, 0x08,
  0x82, 0x21, 0x08, 0x7e, 0xdf, 0xf7, 0x7d, 0xa1, 0x28, 0x86, 0x9f, 0xd7, 0x7d, 0xe0, 0xe7, 0x81,
  0x21, 0xf8, 0x85, 0xe0, 0x07, 0x86, 0xe1, 0xf7, 0x79, 0x9e, 0xf7, 0x85, 0x61, 0x08, 0x7a, 0x9e,
  0xf7, 0x81, 0x61, 0x18, 0x7e, 0x1f, 0x08, 0x82, 0x1f, 0x18, 0x86, 0x20, 0x08, 0x82, 0xe0, 0xe7,
  0x7d, 0x1f, 0x08, 0x82, 0xe0, 0xe7, 0x7d, 0x61, 0x08, 0x7e, 0x9e, 0xe7, 0x7d, 0x60, 0x18, 0x86,
  0x20, 0x08, 0x82, 0x1f, 0x08, 0x7e, 0x1f, 0x08, 0x82, 0x1f, 0x08, 0x82, 0x20, 0xf8, 0x7d, 0x1f,
  0xf8, 0x7d, 0x20, 0x08, 0x82, 0xdf, 0xf7, 0x7d, 0xdf, 0x07, 0x82, 0xe0, 0x07, 0x7e, 0x1f, 0x08,
  0x82, 0x20, 0xf8, 0x81, 0xdf, 0xf7, 0x7d, 0x20, 0xf8, 0x7d, 0xdf, 0x07, 0x82, 0x20, 0x08, 0x82,
  0xdf, 0x07, 0x82, 0x1f, 0x08, 0x82, 0x60, 0x08, 0x7a, 0xde, 0x07, 0x82, 0x61, 0xf8, 0x7d, 0x1f,
  0x08, 0x82, 0x20, 0xf8, 0x7d, 0xdf, 0xf7, 0x7d, 0x20, 0xf8, 0x7d, 0x20, 0x08, 0x7e, 0xdf, 0x07,
  0x82, 0x20, 0xf8, 0x81, 0xe0, 0xf7, 0x81, 0x20, 0x08, 0x82, 0x20, 0xf8, 0x81, 0x20, 0xf8, 0x7d,
  0x1f, 0xf8, 0x7d, 0x20, 0x08, 0x82, 0xdf, 0xf7, 0x81, 0x1f, 0x08, 0x82, 0x20, 0x08, 0x82, 0xe0,
  0xf7, 0x81, 0xe0, 0x07, 0x82, 0xdf, 0x07, 0x82, 0x20, 0x08, 0x82, 0x20, 0x08, 0x82, 0x20, 0x08,
  0x82, 0xdf, 0x07, 0x7e, 0xdf, 0x07, 0x82, 0xe0, 0xf7, 0x81, 0xdf, 0x07, 0x82, 0x20, 0x08, 0x82,
  0x20, 0x08, 0x82, 0x20, 0x08, 0x7e, 0x20, 0x08, 0x82, 0x1f, 0x08, 0x82, 0x20, 0x08, 0x82, 0xdf,
  0x07, 0x7e, 0xdf, 0x07, 0x82, 0xdf, 0xf7, 0x81, 0x20, 0x08, 0x82, 0x20, 0x08, 0x82, 0x20, 0x08,
  0x82, 0x20, 0x08, 0x82, 0x20, 0x08, 0x82, 0x20, 0x08, 0x82, 0x20, 0x08, 0x82, 0x20, 0x08, 0x82,
  0x20, 0x08, 0x82, 0x20, 0x08, 0x82, 0x20, 0x08, 0x82, 0x20, 0x08, 0x82, 0x20, 0x08, 0x82, 0x20,
  0x08, 0x82, 0x20, 0x08, 0x82, 0x20, 0x08, 0x82, 0x20, 0x08, 0x82, 0x20, 0x08, 0x82, 0x20, 0x08,
  0x82, 0x20, 0x08, 0x82, 0x20, 0x08, 0x82, 0x20, 0x08, 0x7e, 0x1f, 0x08, 0x82, 0xe0, 0x07, 0x82,
  0x20, 0x08, 0x82, 0x20, 0x08, 0x82, 0x20, 0x08, 0x82, 0x20, 0x08, 0x82, 0x20, 0x08, 0x82, 0x20,
  0x08, 0x82, 0x20, 0x08, 0x82, 0x20, 0x08, 0x82, 0x20, 0x08, 0x82, 0x20, 0x08, 0x82, 0x20, 0x08,
  0x82, 0x20, 0x08, 0x82, 0x20, 0x08, 0x82, 0x20, 0x08, 0x82, 0x20, 0x08, 0x82, 0x20, 0x08, 0x82,
  0x00,
};
